gameid,datacompleteness,url,league,year,split,playoffs,date,game,patch,participantid,side,position,playername,playerid,teamname,teamid,champion,ban1,ban2,ban3,ban4,ban5,pick1,pick2,pick3,pick4,pick5,gamelength,result,kills,deaths,assists,teamkills,teamdeaths,doublekills,triplekills,quadrakills,pentakills,firstblood,firstbloodkill,firstbloodassist,firstbloodvictim,team kpm,ckpm,firstdragon,dragons,opp_dragons,elementaldrakes,opp_elementaldrakes,infernals,mountains,clouds,oceans,chemtechs,hextechs,dragons (type unknown),elders,opp_elders,firstherald,heralds,opp_heralds,void_grubs,opp_void_grubs,firstbaron,barons,opp_barons,atakhans,opp_atakhans,firsttower,towers,opp_towers,firstmidtower,firsttothreetowers,turretplates,opp_turretplates,inhibitors,opp_inhibitors,damagetochampions,dpm,damageshare,damagetakenperminute,damagemitigatedperminute,wardsplaced,wpm,wardskilled,wcpm,controlwardsbought,visionscore,vspm,totalgold,earnedgold,earned gpm,earnedgoldshare,goldspent,gspd,gpr,total cs,minionkills,monsterkills,monsterkillsownjungle,monsterkillsenemyjungle,cspm,goldat10,xpat10,csat10,opp_goldat10,opp_xpat10,opp_csat10,golddiffat10,xpdiffat10,csdiffat10,killsat10,assistsat10,deathsat10,opp_killsat10,opp_assistsat10,opp_deathsat10,goldat15,xpat15,csat15,opp_goldat15,opp_xpat15,opp_csat15,golddiffat15,xpdiffat15,csdiffat15,killsat15,assistsat15,deathsat15,opp_killsat15,opp_assistsat15,opp_deathsat15,goldat20,xpat20,csat20,opp_goldat20,opp_xpat20,opp_csat20,golddiffat20,xpdiffat20,csdiffat20,killsat20,assistsat20,deathsat20,opp_killsat20,opp_assistsat20,opp_deathsat20,goldat25,xpat25,csat25,opp_goldat25,opp_xpat25,opp_csat25,golddiffat25,xpdiffat25,csdiffat25,killsat25,assistsat25,deathsat25,opp_killsat25,opp_assistsat25,opp_deathsat25
ESPORTSTMNT01_2240116,complete,http://matchhistory.na.leagueoflegends.com/en/#match-details/ESPORTSTMNT01/2240116?gameHash=c463243d61898f25,LCK,2021,,0,2021-08-31 07:00:19,1.0,11.16,1,Blue,top,Morgan,oe:player:f73dde2d8c7879ae8d1fcdc03c4ffeb,Hanwha Life Esports,oe:team:3a1d18f46bcb3716ebcfcf4ef068934,Camille,Gnar,Ryze,Jayce,Kalista,,,,,,,2255,0,2,3,0,7,12,0.0,0.0,0.0,0.0,0.0,0.0,0.0,0.0,0.1863,0.5055,,,,,,,,,,,,,,,,,,,,,0.0,0.0,,,,,,,,,,0.0,0.0,7536.0,200.5144,0.0951131,839.5477,613.9424,14.0,0.3725,12.0,0.3193,11.0,40.0,1.0643,13021,8146.0,216.745,0.232133,12425.0,,,286.0,261.0,25.0,,,7.6098,2859.0,4372.0,63.0,3800.0,5065.0,99.0,-941.0,-693.0,-36.0,0.0,0.0,0.0,0.0,0.0,0.0,4534.0,6302.0,90.0,5739.0,8087.0,154.0,-1205.0,-1785.0,-64.0,1.0,0.0,1.0,0.0,3.0,1.0,5933.0,8105.0,121.0,8120.0,10707.0,196.0,-2187.0,-2602.0,-75.0,1.0,0.0,2.0,1.0,3.0,1.0,7967.0,11165.0,176.0,9932.0,13418.0,252.0,-1965.0,-2253.0,-76.0,1.0,0.0,2.0,1.0,3.0,1.0
ESPORTSTMNT01_2240116,complete,http://matchhistory.na.leagueoflegends.com/en/#match-details/ESPORTSTMNT01/2240116?gameHash=c463243d61898f25,LCK,2021,,0,2021-08-31 07:00:19,1.0,11.16,2,Blue,jng,Willer,oe:player:baf26814ef7b2f10fac33a00c3d53a3,Hanwha Life Esports,oe:team:3a1d18f46bcb3716ebcfcf4ef068934,Xin Zhao,Gnar,Ryze,Jayce,Kalista,,,,,,,2255,0,1,4,3,7,12,0.0,0.0,0.0,0.0,0.0,0.0,0.0,0.0,0.1863,0.5055,,,,,,,,,,,,,,,,,,,,,0.0,2.0,,,,,,,,,,0.0,0.0,5804.0,154.4302,0.0732532,883.1308,545.9601,24.0,0.6386,16.0,0.4257,23.0,60.0,1.5965,10260,5385.0,143.2816,0.153453,10075.0,,,194.0,25.0,169.0,,,5.1619,3091.0,3378.0,66.0,3514.0,3575.0,66.0,-423.0,-197.0,0.0,0.0,0.0,0.0,1.0,0.0,0.0,4491.0,5324.0,94.0,5478.0,6122.0,102.0,-987.0,-798.0,-8.0,0.0,1.0,1.0,2.0,2.0,0.0,6330.0,7543.0,130.0,7174.0,7996.0,121.0,-844.0,-453.0,9.0,1.0,1.0,2.0,2.0,4.0,0.0,7419.0,9136.0,145.0,8180.0,9043.0,138.0,-761.0,93.0,7.0,1.0,2.0,2.0,2.0,4.0,1.0
ESPORTSTMNT01_2240116,complete,http://matchhistory.na.leagueoflegends.com/en/#match-details/ESPORTSTMNT01/2240116?gameHash=c463243d61898f25,LCK,2021,,0,2021-08-31 07:00:19,1.0,11.16,3,Blue,mid,Chovy,oe:player:fb6e61b8acb05df17b7e5ad4ae7c800,Hanwha Life Esports,oe:team:3a1d18f46bcb3716ebcfcf4ef068934,LeBlanc,Gnar,Ryze,Jayce,Kalista,,,,,,,2255,0,1,1,1,7,12,0.0,0.0,0.0,0.0,0.0,0.0,0.0,1.0,0.1863,0.5055,,,,,,,,,,,,,,,,,,,,,0.0,0.0,,,,,,,,,,0.0,1.0,25359.0,674.7406,0.32006,618.5721,350.3681,35.0,0.9313,26.0,0.6918,3.0,90.0,2.3947,13718,8843.0,235.2905,0.251996,13225.0,,,351.0,331.0,20.0,,,9.3392,3304.0,4728.0,88.0,3665.0,4586.0,90.0,-361.0,142.0,-2.0,0.0,0.0,1.0,0.0,1.0,0.0,5031.0,7486.0,140.0,6023.0,7570.0,136.0,-992.0,-84.0,4.0,0.0,0.0,1.0,2.0,3.0,0.0,7203.0,10597.0,207.0,8519.0,10527.0,189.0,-1316.0,70.0,18.0,0.0,0.0,1.0,3.0,4.0,0.0,9081.0,12517.0,244.0,10284.0,13088.0,240.0,-1203.0,-571.0,4.0,1.0,0.0,1.0,3.0,4.0,0.0
ESPORTSTMNT01_2240116,complete,http://matchhistory.na.leagueoflegends.com/en/#match-details/ESPORTSTMNT01/2240116?gameHash=c463243d61898f25,LCK,2021,,0,2021-08-31 07:00:19,1.0,11.16,4,Blue,bot,Deft,oe:player:c588a2d07b69ca4ba61c96aebd3f793,Hanwha Life Esports,oe:team:3a1d18f46bcb3716ebcfcf4ef068934,Varus,Gnar,Ryze,Jayce,Kalista,,,,,,,2255,0,2,1,3,7,12,0.0,0.0,0.0,0.0,0.0,0.0,0.0,0.0,0.1863,0.5055,,,,,,,,,,,,,,,,,,,,,0.0,0.0,,,,,,,,,,0.0,2.0,34267.0,911.7605,0.432489,320.1419,172.2306,29.0,0.7716,10.0,0.2661,5.0,52.0,1.3836,14818,9943.0,264.5588,0.283343,14475.0,,,368.0,353.0,15.0,,,9.7916,3589.0,3220.0,96.0,3219.0,3278.0,85.0,370.0,-58.0,11.0,0.0,0.0,0.0,0.0,0.0,0.0,5487.0,5428.0,140.0,5439.0,5979.0,138.0,48.0,-551.0,2.0,1.0,1.0,1.0,1.0,3.0,1.0,7751.0,8118.0,196.0,7756.0,8777.0,204.0,-5.0,-659.0,-8.0,1.0,2.0,1.0,1.0,4.0,1.0,10058.0,11045.0,267.0,9761.0,11474.0,261.0,297.0,-429.0,6.0,1.0,3.0,1.0,1.0,4.0,1.0
ESPORTSTMNT01_2240116,complete,http://matchhistory.na.leagueoflegends.com/en/#match-details/ESPORTSTMNT01/2240116?gameHash=c463243d61898f25,LCK,2021,,0,2021-08-31 07:00:19,1.0,11.16,5,Blue,sup,Vsta,oe:player:16c1637b4b44b008b4d6627f68ae30a,Hanwha Life Esports,oe:team:3a1d18f46bcb3716ebcfcf4ef068934,Braum,Gnar,Ryze,Jayce,Kalista,,,,,,,2255,0,1,3,5,7,12,0.0,0.0,0.0,0.0,0.0,0.0,0.0,0.0,0.1863,0.5055,,,,,,,,,,,,,,,,,,,,,0.0,0.0,,,,,,,,,,0.0,0.0,6266.0,166.7228,0.0790842,391.3969,383.2284,66.0,1.7561,16.0,0.4257,22.0,108.0,2.8736,7650,2775.0,73.8359,0.0790753,7350.0,,,42.0,42.0,0.0,,,1.1175,2197.0,3048.0,20.0,2117.0,2630.0,16.0,80.0,418.0,4.0,0.0,0.0,0.0,0.0,0.0,0.0,3651.0,4660.0,29.0,3163.0,3477.0,22.0,488.0,1183.0,7.0,1.0,2.0,1.0,0.0,1.0,1.0,4694.0,5576.0,34.0,4271.0,4258.0,29.0,423.0,1318.0,5.0,1.0,3.0,1.0,0.0,1.0,2.0,5611.0,6592.0,37.0,5066.0,4786.0,35.0,545.0,1806.0,2.0,1.0,4.0,1.0,0.0,1.0,2.0
ESPORTSTMNT01_2240116,complete,http://matchhistory.na.leagueoflegends.com/en/#match-details/ESPORTSTMNT01/2240116?gameHash=c463243d61898f25,LCK,2021,,0,2021-08-31 07:00:19,1.0,11.16,6,Red,top,Summit,oe:player:99ce2ea4de279c28bb0315848da8a48,Liiv SANDBOX,oe:team:c75f1f337fc5867914749d438a4871d,Kennen,Irelia,Renekton,Lee Sin,Ziggs,Ashe,,,,,,2255,1,2,2,5,12,7,0.0,0.0,0.0,0.0,0.0,0.0,0.0,0.0,0.3193,0.5055,,,,,,,,,,,,,,,,,,,,,0.0,0.0,,,,,,,,,,0.0,0.0,22841.0,607.7428,0.299582,477.0466,276.3459,10.0,0.2661,17.0,0.4523,6.0,45.0,1.1973,14975,10100.0,268.7361,0.22284,14550.0,,,326.0,294.0,32.0,,,8.6741,3800.0,5065.0,99.0,2859.0,4372.0,63.0,941.0,693.0,36.0,0.0,0.0,0.0,0.0,0.0,0.0,5739.0,8087.0,154.0,4534.0,6302.0,90.0,1205.0,1785.0,64.0,0.0,3.0,1.0,1.0,0.0,1.0,8120.0,10707.0,196.0,5933.0,8105.0,121.0,2187.0,2602.0,75.0,1.0,3.0,1.0,1.0,0.0,2.0,9932.0,13418.0,252.0,7967.0,11165.0,176.0,1965.0,2253.0,76.0,1.0,3.0,1.0,1.0,0.0,2.0
ESPORTSTMNT01_2240116,complete,http://matchhistory.na.leagueoflegends.com/en/#match-details/ESPORTSTMNT01/2240116?gameHash=c463243d61898f25,LCK,2021,,0,2021-08-31 07:00:19,1.0,11.16,7,Red,jng,Croco,oe:player:5c6f901a83ec448d51703aebba0ca64,Liiv SANDBOX,oe:team:c75f1f337fc5867914749d438a4871d,Viego,Irelia,Renekton,Lee Sin,Ziggs,Ashe,,,,,,2255,1,2,1,9,12,7,0.0,0.0,0.0,0.0,1.0,1.0,0.0,0.0,0.3193,0.5055,,,,,,,,,,,,,,,,,,,,,2.0,0.0,,,,,,,,,,0.0,0.0,7740.0,205.9424,0.101518,871.9823,564.8514,6.0,0.1596,26.0,0.6918,6.0,65.0,1.7295,12074,7199.0,191.5477,0.158833,10650.0,,,186.0,33.0,153.0,,,4.949,3514.0,3575.0,66.0,3091.0,3378.0,66.0,423.0,197.0,0.0,1.0,0.0,0.0,0.0,0.0,0.0,5478.0,6122.0,102.0,4491.0,5324.0,94.0,987.0,798.0,8.0,2.0,2.0,0.0,0.0,1.0,1.0,7174.0,7996.0,121.0,6330.0,7543.0,130.0,844.0,453.0,-9.0,2.0,4.0,0.0,1.0,1.0,2.0,8180.0,9043.0,138.0,7419.0,9136.0,145.0,761.0,-93.0,-7.0,2.0,4.0,1.0,1.0,2.0,2.0
ESPORTSTMNT01_2240116,complete,http://matchhistory.na.leagueoflegends.com/en/#match-details/ESPORTSTMNT01/2240116?gameHash=c463243d61898f25,LCK,2021,,0,2021-08-31 07:00:19,1.0,11.16,8,Red,mid,FATE,oe:player:24cd6812f523cf30c3502344539be6f,Liiv SANDBOX,oe:team:c75f1f337fc5867914749d438a4871d,Azir,Irelia,Renekton,Lee Sin,Ziggs,Ashe,,,,,,2255,1,5,0,6,12,7,0.0,0.0,0.0,0.0,1.0,0.0,1.0,0.0,0.3193,0.5055,,,,,,,,,,,,,,,,,,,,,0.0,0.0,,,,,,,,,,1.0,0.0,21462.0,571.051,0.281495,491.4678,358.5898,19.0,0.5055,14.0,0.3725,7.0,54.0,1.4368,17545,12670.0,337.1175,0.279544,16050.0,,,359.0,346.0,13.0,,,9.5521,3665.0,4586.0,90.0,3304.0,4728.0,88.0,361.0,-142.0,2.0,0.0,1.0,0.0,0.0,0.0,1.0,6023.0,7570.0,136.0,5031.0,7486.0,140.0,992.0,84.0,-4.0,2.0,3.0,0.0,0.0,0.0,1.0,8519.0,10527.0,189.0,7203.0,10597.0,207.0,1316.0,-70.0,-18.0,3.0,4.0,0.0,0.0,0.0,1.0,10284.0,13088.0,240.0,9081.0,12517.0,244.0,1203.0,571.0,-4.0,3.0,4.0,0.0,1.0,0.0,1.0
ESPORTSTMNT01_2240116,complete,http://matchhistory.na.leagueoflegends.com/en/#match-details/ESPORTSTMNT01/2240116?gameHash=c463243d61898f25,LCK,2021,,0,2021-08-31 07:00:19,1.0,11.16,9,Red,bot,Prince,oe:player:030a726de315d9ad86989bf360809e9,Liiv SANDBOX,oe:team:c75f1f337fc5867914749d438a4871d,Ezreal,Irelia,Renekton,Lee Sin,Ziggs,Ashe,,,,,,2255,1,3,1,7,12,7,0.0,0.0,0.0,0.0,0.0,0.0,0.0,0.0,0.3193,0.5055,,,,,,,,,,,,,,,,,,,,,0.0,0.0,,,,,,,,,,2.0,0.0,20463.0,544.4701,0.268392,633.6585,484.3636,21.0,0.5588,14.0,0.3725,7.0,45.0,1.1973,16765,11890.0,316.3636,0.262334,14525.0,,,379.0,350.0,29.0,,,10.0843,3219.0,3278.0,85.0,3589.0,3220.0,96.0,-370.0,58.0,-11.0,0.0,0.0,0.0,0.0,0.0,0.0,5439.0,5979.0,138.0,5487.0,5428.0,140.0,-48.0,551.0,-2.0,1.0,3.0,1.0,1.0,1.0,1.0,7756.0,8777.0,204.0,7751.0,8118.0,196.0,5.0,659.0,8.0,1.0,4.0,1.0,1.0,2.0,1.0,9761.0,11474.0,261.0,10058.0,11045.0,267.0,-297.0,429.0,-6.0,1.0,4.0,1.0,1.0,3.0,1.0
ESPORTSTMNT01_2240116,complete,http://matchhistory.na.leagueoflegends.com/en/#match-details/ESPORTSTMNT01/2240116?gameHash=c463243d61898f25,LCK,2021,,0,2021-08-31 07:00:19,1.0,11.16,10,Red,sup,Effort,oe:player:035b9ae578574cdf728d8760483d804,Liiv SANDBOX,oe:team:c75f1f337fc5867914749d438a4871d,Leona,Irelia,Renekton,Lee Sin,Ziggs,Ashe,,,,,,2255,1,0,3,6,12,7,0.0,0.0,0.0,0.0,0.0,0.0,0.0,0.0,0.3193,0.5055,,,,,,,,,,,,,,,,,,,,,0.0,0.0,,,,,,,,,,0.0,0.0,3737.0,99.4324,0.0490143,448.7894,427.8492,79.0,2.102,18.0,0.4789,23.0,100.0,2.6608,8340,3465.0,92.1951,0.0764475,7575.0,,,39.0,39.0,0.0,,,1.0377,2117.0,2630.0,16.0,2197.0,3048.0,20.0,-80.0,-418.0,-4.0,0.0,0.0,0.0,0.0,0.0,0.0,3163.0,3477.0,22.0,3651.0,4660.0,29.0,-488.0,-1183.0,-7.0,0.0,1.0,1.0,1.0,2.0,1.0,4271.0,4258.0,29.0,4694.0,5576.0,34.0,-423.0,-1318.0,-5.0,0.0,1.0,2.0,1.0,3.0,1.0,5066.0,4786.0,35.0,5611.0,6592.0,37.0,-545.0,-1806.0,-2.0,0.0,1.0,2.0,1.0,4.0,1.0
ESPORTSTMNT01_2240116,complete,http://matchhistory.na.leagueoflegends.com/en/#match-details/ESPORTSTMNT01/2240116?gameHash=c463243d61898f25,LCK,2021,,0,2021-08-31 07:00:19,1.0,11.16,100,Blue,team,,,Hanwha Life Esports,oe:team:3a1d18f46bcb3716ebcfcf4ef068934,,Gnar,Ryze,Jayce,Kalista,,Camille,Xin Zhao,LeBlanc,Varus,Braum,2255,0,7,12,12,7,12,0.0,0.0,0.0,0.0,0.0,,,,0.1863,0.5055,1.0,1.0,3.0,1.0,3.0,0.0,1.0,0.0,0.0,0.0,0.0,,0.0,0.0,1.0,1.0,1.0,,,0.0,0.0,2.0,,,0.0,1.0,10.0,0.0,0.0,1.0,5.0,0.0,3.0,79232.0,2108.1685,,3052.7894,2065.7295,168.0,4.4701,80.0,2.1286,64.0,350.0,9.3126,59467,35091.0,933.6851,,57550.0,-0.0959471,-1.96,,1012.0,229.0,,,33.02,15040.0,18746.0,333.0,16315.0,19134.0,356.0,-1275.0,-388.0,-23.0,0.0,0.0,1.0,1.0,1.0,0.0,23194.0,29200.0,493.0,25842.0,31235.0,552.0,-2648.0,-2035.0,-59.0,3.0,4.0,5.0,5.0,12.0,3.0,31911.0,39939.0,688.0,35840.0,42265.0,739.0,-3929.0,-2326.0,-51.0,4.0,6.0,7.0,7.0,16.0,4.0,40136.0,50455.0,869.0,43223.0,51809.0,926.0,-3087.0,-1354.0,-57.0,5.0,9.0,7.0,7.0,16.0,5.0
ESPORTSTMNT01_2240116,complete,http://matchhistory.na.leagueoflegends.com/en/#match-details/ESPORTSTMNT01/2240116?gameHash=c463243d61898f25,LCK,2021,,0,2021-08-31 07:00:19,1.0,11.16,200,Red,team,,,Liiv SANDBOX,oe:team:c75f1f337fc5867914749d438a4871d,,Irelia,Renekton,Lee Sin,Ziggs,Ashe,Kennen,Viego,Azir,Leona,Ezreal,2255,1,12,7,33,12,7,0.0,0.0,0.0,0.0,1.0,,,,0.3193,0.5055,0.0,3.0,1.0,3.0,1.0,1.0,0.0,0.0,2.0,0.0,0.0,,0.0,0.0,0.0,1.0,1.0,,,1.0,2.0,0.0,,,1.0,10.0,1.0,1.0,1.0,5.0,1.0,3.0,0.0,76243.0,2028.6386,,2922.9446,2112.0,135.0,3.592,89.0,2.3681,49.0,309.0,8.2217,69699,45323.0,1205.9335,,63350.0,0.0959471,1.96,,1062.0,227.0,,,34.2971,16315.0,19134.0,356.0,15040.0,18746.0,333.0,1275.0,388.0,23.0,1.0,1.0,0.0,0.0,0.0,1.0,25842.0,31235.0,552.0,23194.0,29200.0,493.0,2648.0,2035.0,59.0,5.0,12.0,3.0,3.0,4.0,5.0,35840.0,42265.0,739.0,31911.0,39939.0,688.0,3929.0,2326.0,51.0,7.0,16.0,4.0,4.0,6.0,7.0,43223.0,51809.0,926.0,40136.0,50455.0,869.0,3087.0,1354.0,57.0,7.0,16.0,5.0,5.0,9.0,7.0
ESPORTSTMNT01_2240125,complete,http://matchhistory.na.leagueoflegends.com/en/#match-details/ESPORTSTMNT01/2240125?gameHash=a30114f7265d186e,LCK,2021,,0,2021-08-31 08:43:10,2.0,11.16,1,Blue,top,Morgan,oe:player:f73dde2d8c7879ae8d1fcdc03c4ffeb,Hanwha Life Esports,oe:team:3a1d18f46bcb3716ebcfcf4ef068934,Camille,Gnar,Ryze,Jayce,Kalista,Leona,,,,,,1670,1,4,2,3,17,4,1.0,1.0,0.0,0.0,0.0,0.0,0.0,0.0,0.6108,0.7545,,,,,,,,,,,,,,,,,,,,,0.0,0.0,,,,,,,,,,0.0,0.0,6317.0,226.9581,0.115352,602.4072,497.8563,11.0,0.3952,5.0,0.1796,7.0,29.0,1.0419,10950,7268.0,261.1257,0.201721,8575.0,,,196.0,185.0,11.0,,,7.0419,2825.0,4156.0,65.0,3943.0,4580.0,88.0,-1118.0,-424.0,-23.0,0.0,0.0,1.0,1.0,0.0,0.0,4778.0,6955.0,115.0,5658.0,7218.0,140.0,-880.0,-263.0,-25.0,0.0,0.0,1.0,1.0,0.0,0.0,6775.0,8677.0,127.0,7286.0,9042.0,170.0,-511.0,-365.0,-43.0,3.0,1.0,2.0,2.0,0.0,1.0,8472.0,10663.0,166.0,9671.0,11745.0,230.0,-1199.0,-1082.0,-64.0,3.0,1.0,2.0,2.0,0.0,1.0
ESPORTSTMNT01_2240125,complete,http://matchhistory.na.leagueoflegends.com/en/#match-details/ESPORTSTMNT01/2240125?gameHash=a30114f7265d186e,LCK,2021,,0,2021-08-31 08:43:10,2.0,11.16,2,Blue,jng,Willer,oe:player:baf26814ef7b2f10fac33a00c3d53a3,Hanwha Life Esports,oe:team:3a1d18f46bcb3716ebcfcf4ef068934,Olaf,Gnar,Ryze,Jayce,Kalista,Leona,,,,,,1670,1,4,1,6,17,4,1.0,0.0,0.0,0.0,1.0,1.0,0.0,0.0,0.6108,0.7545,,,,,,,,,,,,,,,,,,,,,1.0,0.0,,,,,,,,,,1.0,0.0,7225.0,259.5808,0.131932,677.8204,567.2335,15.0,0.5389,9.0,0.3234,13.0,47.0,1.6886,10288,6606.0,237.3413,0.183348,8675.0,,,168.0,18.0,150.0,,,6.0359,3756.0,3413.0,65.0,3339.0,3369.0,64.0,417.0,44.0,1.0,2.0,1.0,0.0,0.0,0.0,0.0,5137.0,5187.0,96.0,5035.0,5172.0,91.0,102.0,15.0,5.0,2.0,1.0,0.0,1.0,0.0,0.0,6742.0,7714.0,125.0,6427.0,7262.0,105.0,315.0,452.0,20.0,2.0,5.0,1.0,1.0,2.0,2.0,8264.0,9599.0,154.0,7938.0,8971.0,127.0,326.0,628.0,27.0,2.0,5.0,1.0,1.0,2.0,2.0
ESPORTSTMNT01_2240125,complete,http://matchhistory.na.leagueoflegends.com/en/#match-details/ESPORTSTMNT01/2240125?gameHash=a30114f7265d186e,LCK,2021,,0,2021-08-31 08:43:10,2.0,11.16,3,Blue,mid,Chovy,oe:player:fb6e61b8acb05df17b7e5ad4ae7c800,Hanwha Life Esports,oe:team:3a1d18f46bcb3716ebcfcf4ef068934,LeBlanc,Gnar,Ryze,Jayce,Kalista,Leona,,,,,,1670,1,8,0,4,17,4,1.0,0.0,0.0,0.0,0.0,0.0,0.0,0.0,0.6108,0.7545,,,,,,,,,,,,,,,,,,,,,0.0,0.0,,,,,,,,,,0.0,0.0,20418.0,733.5808,0.372843,469.1138,272.6228,28.0,1.006,21.0,0.7545,5.0,75.0,2.6946,13612,9930.0,356.7665,0.275599,11825.0,,,266.0,250.0,16.0,,,9.5569,3767.0,4731.0,99.0,3209.0,4715.0,86.0,558.0,16.0,13.0,1.0,0.0,0.0,0.0,0.0,0.0,5718.0,7685.0,160.0,4784.0,7116.0,135.0,934.0,569.0,25.0,1.0,0.0,0.0,0.0,0.0,0.0,8706.0,10743.0,215.0,6899.0,9349.0,183.0,1807.0,1394.0,32.0,3.0,3.0,0.0,1.0,0.0,1.0,11162.0,13234.0,254.0,9015.0,12059.0,236.0,2147.0,1175.0,18.0,6.0,3.0,0.0,1.0,0.0,1.0
ESPORTSTMNT01_2240125,complete,http://matchhistory.na.leagueoflegends.com/en/#match-details/ESPORTSTMNT01/2240125?gameHash=a30114f7265d186e,LCK,2021,,0,2021-08-31 08:43:10,2.0,11.16,4,Blue,bot,Deft,oe:player:c588a2d07b69ca4ba61c96aebd3f793,Hanwha Life Esports,oe:team:3a1d18f46bcb3716ebcfcf4ef068934,Varus,Gnar,Ryze,Jayce,Kalista,Leona,,,,,,1670,1,1,1,10,17,4,0.0,0.0,0.0,0.0,1.0,0.0,1.0,0.0,0.6108,0.7545,,,,,,,,,,,,,,,,,,,,,0.0,0.0,,,,,,,,,,0.0,0.0,17155.0,616.3473,0.313259,374.0479,239.1377,25.0,0.8982,8.0,0.2874,6.0,45.0,1.6168,12272,8590.0,308.6228,0.23841,11050.0,,,270.0,256.0,14.0,,,9.7006,4056.0,3704.0,88.0,3247.0,2659.0,64.0,809.0,1045.0,24.0,0.0,3.0,0.0,0.0,0.0,1.0,5767.0,5680.0,140.0,5223.0,4751.0,108.0,544.0,929.0,32.0,0.0,3.0,1.0,0.0,1.0,1.0,8158.0,8110.0,189.0,6816.0,6278.0,147.0,1342.0,1832.0,42.0,1.0,5.0,1.0,0.0,1.0,2.0,10497.0,10648.0,247.0,8361.0,8387.0,186.0,2136.0,2261.0,61.0,1.0,6.0,1.0,0.0,1.0,3.0
ESPORTSTMNT01_2240125,complete,http://matchhistory.na.leagueoflegends.com/en/#match-details/ESPORTSTMNT01/2240125?gameHash=a30114f7265d186e,LCK,2021,,0,2021-08-31 08:43:10,2.0,11.16,5,Blue,sup,Vsta,oe:player:16c1637b4b44b008b4d6627f68ae30a,Hanwha Life Esports,oe:team:3a1d18f46bcb3716ebcfcf4ef068934,Braum,Gnar,Ryze,Jayce,Kalista,Leona,,,,,,1670,1,0,0,11,17,4,0.0,0.0,0.0,0.0,0.0,0.0,0.0,0.0,0.6108,0.7545,,,,,,,,,,,,,,,,,,,,,0.0,0.0,,,,,,,,,,0.0,0.0,3648.0,131.0659,0.0666143,250.6347,287.6766,39.0,1.4012,12.0,0.4311,13.0,66.0,2.3713,7318,3636.0,130.6347,0.100922,6025.0,,,48.0,44.0,4.0,,,1.7246,2367.0,2559.0,19.0,2267.0,2126.0,13.0,100.0,433.0,6.0,0.0,2.0,0.0,0.0,0.0,2.0,3716.0,4273.0,37.0,3491.0,3644.0,24.0,225.0,629.0,13.0,0.0,2.0,0.0,0.0,1.0,2.0,4959.0,6650.0,41.0,4269.0,4876.0,28.0,690.0,1774.0,13.0,0.0,7.0,0.0,0.0,1.0,3.0,5954.0,7983.0,46.0,5131.0,5394.0,29.0,823.0,2589.0,17.0,0.0,7.0,0.0,0.0,1.0,5.0
ESPORTSTMNT01_2240125,complete,http://matchhistory.na.leagueoflegends.com/en/#match-details/ESPORTSTMNT01/2240125?gameHash=a30114f7265d186e,LCK,2021,,0,2021-08-31 08:43:10,2.0,11.16,6,Red,top,Summit,oe:player:99ce2ea4de279c28bb0315848da8a48,Liiv SANDBOX,oe:team:c75f1f337fc5867914749d438a4871d,Kennen,Irelia,Renekton,Lee Sin,Ziggs,Ashe,,,,,,1670,0,2,2,0,4,17,0.0,0.0,0.0,0.0,0.0,0.0,0.0,0.0,0.1437,0.7545,,,,,,,,,,,,,,,,,,,,,0.0,0.0,,,,,,,,,,0.0,0.0,15838.0,569.0299,0.413849,524.6228,224.3353,10.0,0.3593,8.0,0.2874,5.0,27.0,0.9701,10218,6536.0,234.8263,0.263341,9675.0,,,234.0,226.0,8.0,,,8.4072,3943.0,4580.0,88.0,2825.0,4156.0,65.0,1118.0,424.0,23.0,1.0,0.0,0.0,0.0,0.0,1.0,5658.0,7218.0,140.0,4778.0,6955.0,115.0,880.0,263.0,25.0,1.0,0.0,0.0,0.0,0.0,1.0,7286.0,9042.0,170.0,6775.0,8677.0,127.0,511.0,365.0,43.0,2.0,0.0,1.0,3.0,1.0,2.0,9671.0,11745.0,230.0,8472.0,10663.0,166.0,1199.0,1082.0,64.0,2.0,0.0,1.0,3.0,1.0,2.0
ESPORTSTMNT01_2240125,complete,http://matchhistory.na.leagueoflegends.com/en/#match-details/ESPORTSTMNT01/2240125?gameHash=a30114f7265d186e,LCK,2021,,0,2021-08-31 08:43:10,2.0,11.16,7,Red,jng,Croco,oe:player:5c6f901a83ec448d51703aebba0ca64,Liiv SANDBOX,oe:team:c75f1f337fc5867914749d438a4871d,Viego,Irelia,Renekton,Lee Sin,Ziggs,Ashe,,,,,,1670,0,1,3,2,4,17,0.0,0.0,0.0,0.0,0.0,0.0,0.0,0.0,0.1437,0.7545,,,,,,,,,,,,,,,,,,,,,0.0,1.0,,,,,,,,,,0.0,1.0,3461.0,124.3473,0.0904364,638.8024,382.1677,10.0,0.3593,9.0,0.3234,12.0,28.0,1.006,8566,4884.0,175.4731,0.196785,8525.0,,,135.0,29.0,106.0,,,4.8503,3339.0,3369.0,64.0,3756.0,3413.0,65.0,-417.0,-44.0,-1.0,0.0,0.0,0.0,2.0,1.0,0.0,5035.0,5172.0,91.0,5137.0,5187.0,96.0,-102.0,-15.0,-5.0,1.0,0.0,0.0,2.0,1.0,0.0,6427.0,7262.0,105.0,6742.0,7714.0,125.0,-315.0,-452.0,-20.0,1.0,2.0,2.0,2.0,5.0,1.0,7938.0,8971.0,127.0,8264.0,9599.0,154.0,-326.0,-628.0,-27.0,1.0,2.0,2.0,2.0,5.0,1.0
ESPORTSTMNT01_2240125,complete,http://matchhistory.na.leagueoflegends.com/en/#match-details/ESPORTSTMNT01/2240125?gameHash=a30114f7265d186e,LCK,2021,,0,2021-08-31 08:43:10,2.0,11.16,8,Red,mid,FATE,oe:player:24cd6812f523cf30c3502344539be6f,Liiv SANDBOX,oe:team:c75f1f337fc5867914749d438a4871d,Azir,Irelia,Renekton,Lee Sin,Ziggs,Ashe,,,,,,1670,0,1,2,0,4,17,0.0,0.0,0.0,0.0,0.0,0.0,0.0,0.0,0.1437,0.7545,,,,,,,,,,,,,,,,,,,,,0.0,0.0,,,,,,,,,,0.0,0.0,9221.0,331.2934,0.240946,444.9341,290.2635,14.0,0.503,10.0,0.3593,5.0,25.0,0.8982,9724,6042.0,217.0778,0.243439,9625.0,,,243.0,223.0,20.0,,,8.7305,3209.0,4715.0,86.0,3767.0,4731.0,99.0,-558.0,-16.0,-13.0,0.0,0.0,0.0,1.0,0.0,0.0,4784.0,7116.0,135.0,5718.0,7685.0,160.0,-934.0,-569.0,-25.0,0.0,0.0,0.0,1.0,0.0,0.0,6899.0,9349.0,183.0,8706.0,10743.0,215.0,-1807.0,-1394.0,-32.0,1.0,0.0,1.0,3.0,3.0,0.0,9015.0,12059.0,236.0,11162.0,13234.0,254.0,-2147.0,-1175.0,-18.0,1.0,0.0,1.0,6.0,3.0,0.0
ESPORTSTMNT01_2240125,complete,http://matchhistory.na.leagueoflegends.com/en/#match-details/ESPORTSTMNT01/2240125?gameHash=a30114f7265d186e,LCK,2021,,0,2021-08-31 08:43:10,2.0,11.16,9,Red,bot,Prince,oe:player:030a726de315d9ad86989bf360809e9,Liiv SANDBOX,oe:team:c75f1f337fc5867914749d438a4871d,Aphelios,Irelia,Renekton,Lee Sin,Ziggs,Ashe,,,,,,1670,0,0,4,1,4,17,0.0,0.0,0.0,0.0,0.0,0.0,0.0,0.0,0.1437,0.7545,,,,,,,,,,,,,,,,,,,,,0.0,0.0,,,,,,,,,,0.0,0.0,8440.0,303.2335,0.220538,477.2695,202.024,15.0,0.5389,7.0,0.2515,6.0,24.0,0.8623,9149,5467.0,196.4192,0.220273,8850.0,,,201.0,193.0,8.0,,,7.2216,3247.0,2659.0,64.0,4056.0,3704.0,88.0,-809.0,-1045.0,-24.0,0.0,0.0,1.0,0.0,3.0,0.0,5223.0,4751.0,108.0,5767.0,5680.0,140.0,-544.0,-929.0,-32.0,0.0,1.0,1.0,0.0,3.0,1.0,6816.0,6278.0,147.0,8158.0,8110.0,189.0,-1342.0,-1832.0,-42.0,0.0,1.0,2.0,1.0,5.0,1.0,8361.0,8387.0,186.0,10497.0,10648.0,247.0,-2136.0,-2261.0,-61.0,0.0,1.0,3.0,1.0,6.0,1.0
ESPORTSTMNT01_2240125,complete,http://matchhistory.na.leagueoflegends.com/en/#match-details/ESPORTSTMNT01/2240125?gameHash=a30114f7265d186e,LCK,2021,,0,2021-08-31 08:43:10,2.0,11.16,10,Red,sup,Effort,oe:player:035b9ae578574cdf728d8760483d804,Liiv SANDBOX,oe:team:c75f1f337fc5867914749d438a4871d,Thresh,Irelia,Renekton,Lee Sin,Ziggs,Ashe,,,,,,1670,0,0,6,1,4,17,0.0,0.0,0.0,0.0,0.0,0.0,0.0,1.0,0.1437,0.7545,,,,,,,,,,,,,,,,,,,,,0.0,0.0,,,,,,,,,,0.0,0.0,1310.0,47.0659,0.0342305,466.5988,258.0359,38.0,1.3653,8.0,0.2874,16.0,54.0,1.9401,5572,1890.0,67.9042,0.0761618,5615.0,,,29.0,29.0,0.0,,,1.0419,2267.0,2126.0,13.0,2367.0,2559.0,19.0,-100.0,-433.0,-6.0,0.0,0.0,2.0,0.0,2.0,0.0,3491.0,3644.0,24.0,3716.0,4273.0,37.0,-225.0,-629.0,-13.0,0.0,1.0,2.0,0.0,2.0,0.0,4269.0,4876.0,28.0,4959.0,6650.0,41.0,-690.0,-1774.0,-13.0,0.0,1.0,3.0,0.0,7.0,0.0,5131.0,5394.0,29.0,5954.0,7983.0,46.0,-823.0,-2589.0,-17.0,0.0,1.0,5.0,0.0,7.0,0.0
ESPORTSTMNT01_2240125,complete,http://matchhistory.na.leagueoflegends.com/en/#match-details/ESPORTSTMNT01/2240125?gameHash=a30114f7265d186e,LCK,2021,,0,2021-08-31 08:43:10,2.0,11.16,100,Blue,team,,,Hanwha Life Esports,oe:team:3a1d18f46bcb3716ebcfcf4ef068934,,Gnar,Ryze,Jayce,Kalista,Leona,Camille,Olaf,LeBlanc,Varus,Braum,1670,1,17,4,34,17,4,3.0,1.0,0.0,0.0,1.0,,,,0.6108,0.7545,1.0,4.0,0.0,4.0,0.0,0.0,2.0,1.0,1.0,0.0,0.0,,0.0,0.0,0.0,0.0,1.0,,,1.0,1.0,0.0,,,0.0,9.0,4.0,1.0,1.0,6.0,7.0,1.0,0.0,54763.0,1967.5329,,2374.024,1864.5269,118.0,4.2395,55.0,1.976,44.0,262.0,9.4132,54440,36032.0,1294.5629,,46150.0,0.0872908,2.13,,753.0,195.0,,,34.0599,16771.0,18563.0,336.0,16005.0,17449.0,315.0,766.0,1114.0,21.0,3.0,6.0,1.0,1.0,0.0,3.0,25116.0,29780.0,548.0,24191.0,27901.0,498.0,925.0,1879.0,50.0,3.0,6.0,2.0,2.0,2.0,3.0,35340.0,41894.0,697.0,31697.0,36807.0,633.0,3643.0,5087.0,64.0,9.0,21.0,4.0,4.0,4.0,9.0,44349.0,52127.0,867.0,40116.0,46556.0,808.0,4233.0,5571.0,59.0,12.0,22.0,4.0,4.0,4.0,12.0
ESPORTSTMNT01_2240125,complete,http://matchhistory.na.leagueoflegends.com/en/#match-details/ESPORTSTMNT01/2240125?gameHash=a30114f7265d186e,LCK,2021,,0,2021-08-31 08:43:10,2.0,11.16,200,Red,team,,,Liiv SANDBOX,oe:team:c75f1f337fc5867914749d438a4871d,,Irelia,Renekton,Lee Sin,Ziggs,Ashe,Kennen,Viego,Azir,Thresh,Aphelios,1670,0,4,17,4,4,17,0.0,0.0,0.0,0.0,0.0,,,,0.1437,0.7545,0.0,0.0,4.0,0.0,4.0,0.0,0.0,0.0,0.0,0.0,0.0,,0.0,0.0,1.0,1.0,0.0,,,0.0,0.0,1.0,,,1.0,4.0,9.0,0.0,0.0,7.0,6.0,0.0,1.0,38270.0,1374.9701,,2552.2275,1356.8263,87.0,3.1257,42.0,1.509,44.0,158.0,5.6766,43229,24821.0,891.7725,,42290.0,-0.0872908,-2.13,,700.0,142.0,,,30.2515,16005.0,17449.0,315.0,16771.0,18563.0,336.0,-766.0,-1114.0,-21.0,1.0,0.0,3.0,3.0,6.0,1.0,24191.0,27901.0,498.0,25116.0,29780.0,548.0,-925.0,-1879.0,-50.0,2.0,2.0,3.0,3.0,6.0,2.0,31697.0,36807.0,633.0,35340.0,41894.0,697.0,-3643.0,-5087.0,-64.0,4.0,4.0,9.0,9.0,21.0,4.0,40116.0,46556.0,808.0,44349.0,52127.0,867.0,-4233.0,-5571.0,-59.0,4.0,4.0,12.0,12.0,22.0,4.0
ESPORTSTMNT01_2240126,complete,http://matchhistory.na.leagueoflegends.com/en/#match-details/ESPORTSTMNT01/2240126?gameHash=3a3d57d254179067,LCK,2021,,0,2021-08-31 09:31:09,3.0,11.16,1,Blue,top,Summit,oe:player:99ce2ea4de279c28bb0315848da8a48,Liiv SANDBOX,oe:team:c75f1f337fc5867914749d438a4871d,Jayce,Irelia,LeBlanc,Renekton,Ziggs,Ashe,,,,,,2146,0,0,9,3,8,25,0.0,0.0,0.0,0.0,0.0,0.0,0.0,0.0,0.2237,0.9226,,,,,,,,,,,,,,,,,,,,,0.0,0.0,,,,,,,,,,0.0,0.0,20913.0,584.7064,0.245686,733.3085,617.9497,13.0,0.3635,12.0,0.3355,8.0,39.0,1.0904,12366,7713.0,215.6477,0.207987,12275.0,,,284.0,259.0,25.0,,,7.9404,3544.0,4891.0,95.0,2894.0,4528.0,69.0,650.0,363.0,26.0,0.0,0.0,0.0,0.0,0.0,0.0,5665.0,7267.0,137.0,5150.0,7343.0,113.0,515.0,-76.0,24.0,0.0,1.0,2.0,1.0,1.0,1.0,7324.0,9065.0,177.0,6583.0,8799.0,138.0,741.0,266.0,39.0,0.0,1.0,2.0,1.0,2.0,2.0,9088.0,11822.0,216.0,9146.0,11685.0,187.0,-58.0,137.0,29.0,0.0,1.0,4.0,1.0,4.0,2.0
ESPORTSTMNT01_2240126,complete,http://matchhistory.na.leagueoflegends.com/en/#match-details/ESPORTSTMNT01/2240126?gameHash=3a3d57d254179067,LCK,2021,,0,2021-08-31 09:31:09,3.0,11.16,2,Blue,jng,Croco,oe:player:5c6f901a83ec448d51703aebba0ca64,Liiv SANDBOX,oe:team:c75f1f337fc5867914749d438a4871d,Nidalee,Irelia,LeBlanc,Renekton,Ziggs,Ashe,,,,,,2146,0,3,4,4,8,25,0.0,0.0,0.0,0.0,0.0,0.0,0.0,0.0,0.2237,0.9226,,,,,,,,,,,,,,,,,,,,,1.0,1.0,,,,,,,,,,0.0,2.0,17838.0,498.7325,0.209561,816.0391,517.0457,6.0,0.1678,15.0,0.4194,6.0,42.0,1.1743,11794,7141.0,199.6552,0.192563,11350.0,,,188.0,23.0,165.0,,,5.2563,3279.0,3869.0,72.0,3254.0,3667.0,70.0,25.0,202.0,2.0,0.0,0.0,0.0,0.0,0.0,0.0,5634.0,6230.0,112.0,5256.0,6535.0,115.0,378.0,-305.0,-3.0,1.0,0.0,0.0,1.0,1.0,0.0,7263.0,8719.0,140.0,7055.0,9097.0,148.0,208.0,-378.0,-8.0,1.0,1.0,1.0,2.0,1.0,0.0,8460.0,10572.0,153.0,9102.0,11843.0,173.0,-642.0,-1271.0,-20.0,1.0,2.0,3.0,3.0,4.0,1.0
ESPORTSTMNT01_2240126,complete,http://matchhistory.na.leagueoflegends.com/en/#match-details/ESPORTSTMNT01/2240126?gameHash=3a3d57d254179067,LCK,2021,,0,2021-08-31 09:31:09,3.0,11.16,3,Blue,mid,FATE,oe:player:24cd6812f523cf30c3502344539be6f,Liiv SANDBOX,oe:team:c75f1f337fc5867914749d438a4871d,Azir,Irelia,LeBlanc,Renekton,Ziggs,Ashe,,,,,,2146,0,2,2,5,8,25,0.0,0.0,0.0,0.0,0.0,0.0,0.0,0.0,0.2237,0.9226,,,,,,,,,,,,,,,,,,,,,0.0,0.0,,,,,,,,,,0.0,1.0,21265.0,594.548,0.249821,398.8071,314.8462,11.0,0.3075,8.0,0.2237,7.0,43.0,1.2022,15236,10583.0,295.89,0.285379,13080.0,,,350.0,324.0,26.0,,,9.7856,3519.0,5206.0,100.0,4146.0,4800.0,92.0,-627.0,406.0,8.0,0.0,0.0,0.0,1.0,0.0,0.0,5738.0,7874.0,150.0,6664.0,8116.0,155.0,-926.0,-242.0,-5.0,0.0,1.0,0.0,1.0,1.0,0.0,7991.0,10717.0,199.0,9594.0,11710.0,225.0,-1603.0,-993.0,-26.0,1.0,1.0,0.0,1.0,2.0,0.0,9900.0,13966.0,238.0,12383.0,14059.0,260.0,-2483.0,-93.0,-22.0,1.0,3.0,0.0,1.0,5.0,0.0
ESPORTSTMNT01_2240126,complete,http://matchhistory.na.leagueoflegends.com/en/#match-details/ESPORTSTMNT01/2240126?gameHash=3a3d57d254179067,LCK,2021,,0,2021-08-31 09:31:09,3.0,11.16,4,Blue,bot,Prince,oe:player:030a726de315d9ad86989bf360809e9,Liiv SANDBOX,oe:team:c75f1f337fc5867914749d438a4871d,Ezreal,Irelia,LeBlanc,Renekton,Ziggs,Ashe,,,,,,2146,0,3,6,3,8,25,1.0,0.0,0.0,0.0,0.0,0.0,0.0,1.0,0.2237,0.9226,,,,,,,,,,,,,,,,,,,,,0.0,0.0,,,,,,,,,,0.0,0.0,21639.0,605.0047,0.254215,575.5638,418.8537,18.0,0.5033,8.0,0.2237,8.0,40.0,1.1184,13389,8736.0,244.2498,0.235573,12375.0,,,274.0,267.0,7.0,,,7.6608,3251.0,3195.0,86.0,3660.0,3565.0,92.0,-409.0,-370.0,-6.0,0.0,0.0,1.0,0.0,1.0,0.0,5147.0,5505.0,141.0,5776.0,5832.0,150.0,-629.0,-327.0,-9.0,0.0,0.0,1.0,0.0,1.0,0.0,7292.0,8085.0,196.0,8014.0,8359.0,207.0,-722.0,-274.0,-11.0,0.0,0.0,1.0,0.0,1.0,0.0,9747.0,10506.0,219.0,12042.0,11493.0,254.0,-2295.0,-987.0,-35.0,2.0,0.0,3.0,6.0,2.0,1.0
ESPORTSTMNT01_2240126,complete,http://matchhistory.na.leagueoflegends.com/en/#match-details/ESPORTSTMNT01/2240126?gameHash=3a3d57d254179067,LCK,2021,,0,2021-08-31 09:31:09,3.0,11.16,5,Blue,sup,Effort,oe:player:035b9ae578574cdf728d8760483d804,Liiv SANDBOX,oe:team:c75f1f337fc5867914749d438a4871d,Leona,Irelia,LeBlanc,Renekton,Ziggs,Ashe,,,,,,2146,0,0,4,5,8,25,0.0,0.0,0.0,0.0,0.0,0.0,0.0,0.0,0.2237,0.9226,,,,,,,,,,,,,,,,,,,,,0.0,0.0,,,,,,,,,,0.0,0.0,3466.0,96.9059,0.0407185,500.9692,672.5815,62.0,1.7335,14.0,0.3914,22.0,110.0,3.0755,7564,2911.0,81.3886,0.0784974,6700.0,,,33.0,33.0,0.0,,,0.9226,1929.0,2219.0,8.0,2009.0,2180.0,13.0,-80.0,39.0,-5.0,0.0,0.0,0.0,0.0,0.0,0.0,3243.0,3697.0,15.0,3039.0,3523.0,23.0,204.0,174.0,-8.0,0.0,1.0,0.0,0.0,0.0,0.0,4490.0,4917.0,22.0,4113.0,4842.0,30.0,377.0,75.0,-8.0,0.0,1.0,0.0,0.0,0.0,0.0,5752.0,6496.0,27.0,5580.0,7913.0,32.0,172.0,-1417.0,-5.0,0.0,2.0,1.0,0.0,6.0,0.0
ESPORTSTMNT01_2240126,complete,http://matchhistory.na.leagueoflegends.com/en/#match-details/ESPORTSTMNT01/2240126?gameHash=3a3d57d254179067,LCK,2021,,0,2021-08-31 09:31:09,3.0,11.16,6,Red,top,Morgan,oe:player:f73dde2d8c7879ae8d1fcdc03c4ffeb,Hanwha Life Esports,oe:team:3a1d18f46bcb3716ebcfcf4ef068934,Camille,Ryze,Gnar,Lee Sin,Kalista,Varus,,,,,,2146,1,7,2,10,25,8,2.0,1.0,1.0,0.0,0.0,0.0,0.0,0.0,0.699,0.9226,,,,,,,,,,,,,,,,,,,,,0.0,0.0,,,,,,,,,,0.0,0.0,16690.0,466.6356,0.206179,946.6636,678.7605,13.0,0.3635,8.0,0.2237,15.0,36.0,1.0065,15711,11058.0,309.1705,0.22275,15030.0,,,278.0,238.0,40.0,,,7.7726,2894.0,4528.0,69.0,3544.0,4891.0,95.0,-650.0,-363.0,-26.0,0.0,0.0,0.0,0.0,0.0,0.0,5150.0,7343.0,113.0,5665.0,7267.0,137.0,-515.0,76.0,-24.0,1.0,1.0,1.0,0.0,1.0,2.0,6583.0,8799.0,138.0,7324.0,9065.0,177.0,-741.0,-266.0,-39.0,1.0,2.0,2.0,0.0,1.0,2.0,9146.0,11685.0,187.0,9088.0,11822.0,216.0,58.0,-137.0,-29.0,1.0,4.0,2.0,0.0,1.0,4.0
ESPORTSTMNT01_2240126,complete,http://matchhistory.na.leagueoflegends.com/en/#match-details/ESPORTSTMNT01/2240126?gameHash=3a3d57d254179067,LCK,2021,,0,2021-08-31 09:31:09,3.0,11.16,7,Red,jng,Willer,oe:player:baf26814ef7b2f10fac33a00c3d53a3,Hanwha Life Esports,oe:team:3a1d18f46bcb3716ebcfcf4ef068934,Viego,Ryze,Gnar,Lee Sin,Kalista,Varus,,,,,,2146,1,6,2,8,25,8,0.0,0.0,0.0,0.0,0.0,0.0,0.0,0.0,0.699,0.9226,,,,,,,,,,,,,,,,,,,,,1.0,1.0,,,,,,,,,,2.0,0.0,7942.0,222.0503,0.0981112,913.1128,706.5517,21.0,0.5871,13.0,0.3635,26.0,47.0,1.3141,13215,8562.0,239.3849,0.172471,11450.0,,,223.0,75.0,148.0,,,6.2349,3254.0,3667.0,70.0,3279.0,3869.0,72.0,-25.0,-202.0,-2.0,0.0,0.0,0.0,0.0,0.0,0.0,5256.0,6535.0,115.0,5634.0,6230.0,112.0,-378.0,305.0,3.0,1.0,1.0,0.0,1.0,0.0,0.0,7055.0,9097.0,148.0,7263.0,8719.0,140.0,-208.0,378.0,8.0,2.0,1.0,0.0,1.0,1.0,1.0,9102.0,11843.0,173.0,8460.0,10572.0,153.0,642.0,1271.0,20.0,3.0,4.0,1.0,1.0,2.0,3.0
ESPORTSTMNT01_2240126,complete,http://matchhistory.na.leagueoflegends.com/en/#match-details/ESPORTSTMNT01/2240126?gameHash=3a3d57d254179067,LCK,2021,,0,2021-08-31 09:31:09,3.0,11.16,8,Red,mid,Chovy,oe:player:fb6e61b8acb05df17b7e5ad4ae7c800,Hanwha Life Esports,oe:team:3a1d18f46bcb3716ebcfcf4ef068934,Twisted Fate,Ryze,Gnar,Lee Sin,Kalista,Varus,,,,,,2146,1,2,1,13,25,8,0.0,0.0,0.0,0.0,1.0,1.0,0.0,0.0,0.699,0.9226,,,,,,,,,,,,,,,,,,,,,0.0,0.0,,,,,,,,,,1.0,0.0,20764.0,580.5405,0.256507,558.8164,404.8462,12.0,0.3355,8.0,0.2237,1.0,28.0,0.7829,17984,13331.0,372.7213,0.268537,15325.0,,,362.0,326.0,36.0,,,10.1212,4146.0,4800.0,92.0,3519.0,5206.0,100.0,627.0,-406.0,-8.0,1.0,0.0,0.0,0.0,0.0,0.0,6664.0,8116.0,155.0,5738.0,7874.0,150.0,926.0,242.0,5.0,1.0,1.0,0.0,0.0,1.0,0.0,9594.0,11710.0,225.0,7991.0,10717.0,199.0,1603.0,993.0,26.0,1.0,2.0,0.0,1.0,1.0,0.0,12383.0,14059.0,260.0,9900.0,13966.0,238.0,2483.0,93.0,22.0,1.0,5.0,0.0,1.0,3.0,0.0
ESPORTSTMNT01_2240126,complete,http://matchhistory.na.leagueoflegends.com/en/#match-details/ESPORTSTMNT01/2240126?gameHash=3a3d57d254179067,LCK,2021,,0,2021-08-31 09:31:09,3.0,11.16,9,Red,bot,Deft,oe:player:c588a2d07b69ca4ba61c96aebd3f793,Hanwha Life Esports,oe:team:3a1d18f46bcb3716ebcfcf4ef068934,Aphelios,Ryze,Gnar,Lee Sin,Kalista,Varus,,,,,,2146,1,10,2,6,25,8,2.0,2.0,1.0,0.0,1.0,0.0,1.0,0.0,0.699,0.9226,,,,,,,,,,,,,,,,,,,,,0.0,0.0,,,,,,,,,,0.0,0.0,29941.0,837.1202,0.369875,434.3989,525.7689,18.0,0.5033,9.0,0.2516,7.0,55.0,1.5377,17678,13025.0,364.1659,0.262373,16055.0,,,337.0,326.0,11.0,,,9.4222,3660.0,3565.0,92.0,3251.0,3195.0,86.0,409.0,370.0,6.0,0.0,1.0,0.0,0.0,0.0,1.0,5776.0,5832.0,150.0,5147.0,5505.0,141.0,629.0,327.0,9.0,0.0,1.0,0.0,0.0,0.0,1.0,8014.0,8359.0,207.0,7292.0,8085.0,196.0,722.0,274.0,11.0,0.0,1.0,0.0,0.0,0.0,1.0,12042.0,11493.0,254.0,9747.0,10506.0,219.0,2295.0,987.0,35.0,6.0,2.0,1.0,2.0,0.0,3.0
ESPORTSTMNT01_2240126,complete,http://matchhistory.na.leagueoflegends.com/en/#match-details/ESPORTSTMNT01/2240126?gameHash=3a3d57d254179067,LCK,2021,,0,2021-08-31 09:31:09,3.0,11.16,10,Red,sup,Vsta,oe:player:16c1637b4b44b008b4d6627f68ae30a,Hanwha Life Esports,oe:team:3a1d18f46bcb3716ebcfcf4ef068934,Braum,Ryze,Gnar,Lee Sin,Kalista,Varus,,,,,,2146,1,0,1,15,25,8,0.0,0.0,0.0,0.0,0.0,0.0,0.0,0.0,0.699,0.9226,,,,,,,,,,,,,,,,,,,,,0.0,0.0,,,,,,,,,,0.0,0.0,5612.0,156.9059,0.0693276,525.4893,395.3402,64.0,1.7894,8.0,0.2237,22.0,98.0,2.74,8320,3667.0,102.5256,0.0738674,7450.0,,,37.0,37.0,0.0,,,1.0345,2009.0,2180.0,13.0,1929.0,2219.0,8.0,80.0,-39.0,5.0,0.0,0.0,0.0,0.0,0.0,0.0,3039.0,3523.0,23.0,3243.0,3697.0,15.0,-204.0,-174.0,8.0,0.0,0.0,0.0,0.0,1.0,0.0,4113.0,4842.0,30.0,4490.0,4917.0,22.0,-377.0,-75.0,8.0,0.0,0.0,0.0,0.0,1.0,0.0,5580.0,7913.0,32.0,5752.0,6496.0,27.0,-172.0,1417.0,5.0,0.0,6.0,0.0,0.0,2.0,1.0
ESPORTSTMNT01_2240126,complete,http://matchhistory.na.leagueoflegends.com/en/#match-details/ESPORTSTMNT01/2240126?gameHash=3a3d57d254179067,LCK,2021,,0,2021-08-31 09:31:09,3.0,11.16,100,Blue,team,,,Liiv SANDBOX,oe:team:c75f1f337fc5867914749d438a4871d,,Irelia,LeBlanc,Renekton,Ziggs,Ashe,Jayce,Nidalee,Azir,Ezreal,Leona,2146,0,8,25,20,8,25,1.0,0.0,0.0,0.0,0.0,,,,0.2237,0.9226,1.0,3.0,2.0,3.0,2.0,0.0,1.0,1.0,1.0,0.0,0.0,,0.0,0.0,1.0,2.0,0.0,,,1.0,1.0,1.0,,,1.0,4.0,11.0,1.0,1.0,6.0,6.0,0.0,3.0,85121.0,2379.8975,,3024.6878,2541.2768,110.0,3.0755,57.0,1.5937,51.0,274.0,7.6608,60349,37084.0,1036.8313,,55780.0,-0.157404,-1.48,,906.0,223.0,,,31.5657,15522.0,19380.0,361.0,15963.0,18740.0,336.0,-441.0,640.0,25.0,0.0,0.0,1.0,1.0,1.0,0.0,25427.0,30573.0,555.0,25885.0,31349.0,556.0,-458.0,-776.0,-1.0,1.0,3.0,3.0,3.0,4.0,1.0,34360.0,41503.0,734.0,35359.0,42807.0,748.0,-999.0,-1304.0,-14.0,2.0,4.0,4.0,4.0,6.0,2.0,42947.0,53362.0,853.0,48253.0,56993.0,906.0,-5306.0,-3631.0,-53.0,4.0,8.0,11.0,11.0,21.0,4.0
ESPORTSTMNT01_2240126,complete,http://matchhistory.na.leagueoflegends.com/en/#match-details/ESPORTSTMNT01/2240126?gameHash=3a3d57d254179067,LCK,2021,,0,2021-08-31 09:31:09,3.0,11.16,200,Red,team,,,Hanwha Life Esports,oe:team:3a1d18f46bcb3716ebcfcf4ef068934,,Ryze,Gnar,Lee Sin,Kalista,Varus,Camille,Viego,Twisted Fate,Aphelios,Braum,2146,1,25,8,52,25,8,4.0,3.0,2.0,0.0,1.0,,,,0.699,0.9226,0.0,2.0,3.0,2.0,3.0,0.0,0.0,0.0,2.0,0.0,0.0,,0.0,0.0,0.0,0.0,2.0,,,0.0,1.0,1.0,,,0.0,11.0,4.0,0.0,0.0,6.0,6.0,3.0,0.0,80949.0,2263.2526,,3378.4809,2711.2675,128.0,3.5788,46.0,1.2861,71.0,264.0,7.3812,72908,49643.0,1387.9683,,65310.0,0.157404,1.48,,1002.0,235.0,,,34.5853,15963.0,18740.0,336.0,15522.0,19380.0,361.0,441.0,-640.0,-25.0,1.0,1.0,0.0,0.0,0.0,1.0,25885.0,31349.0,556.0,25427.0,30573.0,555.0,458.0,776.0,1.0,3.0,4.0,1.0,1.0,3.0,3.0,35359.0,42807.0,748.0,34360.0,41503.0,734.0,999.0,1304.0,14.0,4.0,6.0,2.0,2.0,4.0,4.0,48253.0,56993.0,906.0,42947.0,53362.0,853.0,5306.0,3631.0,53.0,11.0,21.0,4.0,4.0,8.0,11.0
ESPORTSTMNT01_2250146,complete,http://matchhistory.na.leagueoflegends.com/en/#match-details/ESPORTSTMNT01/2250146?gameHash=3319d62225f8c535,LCK,2021,,0,2021-08-31 10:35:35,4.0,11.16,1,Blue,top,Summit,oe:player:99ce2ea4de279c28bb0315848da8a48,Liiv SANDBOX,oe:team:c75f1f337fc5867914749d438a4871d,Kennen,Irelia,LeBlanc,Renekton,Ziggs,Aphelios,,,,,,1685,0,0,6,2,4,18,0.0,0.0,0.0,0.0,0.0,0.0,0.0,0.0,0.1424,0.7834,,,,,,,,,,,,,,,,,,,,,0.0,0.0,,,,,,,,,,0.0,1.0,15292.0,544.5223,0.38822,581.6973,367.0504,9.0,0.3205,3.0,0.1068,3.0,17.0,0.6053,8748,5034.0,179.2522,0.204194,8270.0,,,214.0,210.0,4.0,,,7.6202,3046.0,4168.0,77.0,2873.0,4679.0,48.0,173.0,-511.0,29.0,0.0,0.0,1.0,1.0,0.0,0.0,4605.0,6577.0,119.0,4159.0,6712.0,78.0,446.0,-135.0,41.0,0.0,0.0,2.0,1.0,2.0,0.0,6574.0,9310.0,160.0,5969.0,9358.0,104.0,605.0,-48.0,56.0,0.0,2.0,4.0,2.0,5.0,1.0,8030.0,11651.0,197.0,8426.0,13324.0,160.0,-396.0,-1673.0,37.0,0.0,2.0,4.0,2.0,5.0,1.0
ESPORTSTMNT01_2250146,complete,http://matchhistory.na.leagueoflegends.com/en/#match-details/ESPORTSTMNT01/2250146?gameHash=3319d62225f8c535,LCK,2021,,0,2021-08-31 10:35:35,4.0,11.16,2,Blue,jng,Croco,oe:player:5c6f901a83ec448d51703aebba0ca64,Liiv SANDBOX,oe:team:c75f1f337fc5867914749d438a4871d,Lee Sin,Irelia,LeBlanc,Renekton,Ziggs,Aphelios,,,,,,1685,0,2,2,2,4,18,0.0,0.0,0.0,0.0,0.0,0.0,0.0,0.0,0.1424,0.7834,,,,,,,,,,,,,,,,,,,,,0.0,1.0,,,,,,,,,,0.0,0.0,6821.0,242.8843,0.173166,822.8368,716.8665,17.0,0.6053,10.0,0.3561,11.0,37.0,1.3175,8547,4833.0,172.095,0.196041,8525.0,,,158.0,37.0,121.0,,,5.6261,3350.0,3811.0,64.0,2974.0,3561.0,64.0,376.0,250.0,0.0,1.0,0.0,0.0,0.0,0.0,1.0,4666.0,5545.0,96.0,5007.0,5758.0,98.0,-341.0,-213.0,-2.0,1.0,0.0,0.0,1.0,1.0,1.0,6674.0,8153.0,127.0,6947.0,7539.0,118.0,-273.0,614.0,9.0,2.0,1.0,1.0,3.0,5.0,2.0,7916.0,9679.0,151.0,9402.0,10708.0,152.0,-1486.0,-1029.0,-1.0,2.0,1.0,1.0,3.0,6.0,2.0
ESPORTSTMNT01_2250146,complete,http://matchhistory.na.leagueoflegends.com/en/#match-details/ESPORTSTMNT01/2250146?gameHash=3319d62225f8c535,LCK,2021,,0,2021-08-31 10:35:35,4.0,11.16,3,Blue,mid,FATE,oe:player:24cd6812f523cf30c3502344539be6f,Liiv SANDBOX,oe:team:c75f1f337fc5867914749d438a4871d,Azir,Irelia,LeBlanc,Renekton,Ziggs,Aphelios,,,,,,1685,0,1,2,2,4,18,0.0,0.0,0.0,0.0,0.0,0.0,0.0,0.0,0.1424,0.7834,,,,,,,,,,,,,,,,,,,,,0.0,0.0,,,,,,,,,,0.0,1.0,11726.0,417.543,0.29769,391.9407,242.2789,7.0,0.2493,4.0,0.1424,3.0,18.0,0.6409,10252,6538.0,232.8071,0.265196,9625.0,,,256.0,240.0,16.0,,,9.1157,3363.0,4289.0,82.0,3770.0,4304.0,88.0,-407.0,-15.0,-6.0,0.0,1.0,0.0,0.0,0.0,0.0,5418.0,7302.0,138.0,6355.0,7483.0,158.0,-937.0,-181.0,-20.0,0.0,1.0,0.0,0.0,1.0,0.0,7652.0,10267.0,191.0,8759.0,11240.0,214.0,-1107.0,-973.0,-23.0,1.0,1.0,1.0,0.0,6.0,0.0,9163.0,12301.0,230.0,12715.0,14726.0,268.0,-3552.0,-2425.0,-38.0,1.0,1.0,2.0,1.0,7.0,0.0
ESPORTSTMNT01_2250146,complete,http://matchhistory.na.leagueoflegends.com/en/#match-details/ESPORTSTMNT01/2250146?gameHash=3319d62225f8c535,LCK,2021,,0,2021-08-31 10:35:35,4.0,11.16,4,Blue,bot,Prince,oe:player:030a726de315d9ad86989bf360809e9,Liiv SANDBOX,oe:team:c75f1f337fc5867914749d438a4871d,Samira,Irelia,LeBlanc,Renekton,Ziggs,Aphelios,,,,,,1685,0,1,3,0,4,18,0.0,0.0,0.0,0.0,0.0,0.0,0.0,0.0,0.1424,0.7834,,,,,,,,,,,,,,,,,,,,,0.0,0.0,,,,,,,,,,0.0,1.0,3956.0,140.8665,0.100432,430.9674,316.6291,15.0,0.5341,3.0,0.1068,7.0,17.0,0.6053,10293,6579.0,234.2671,0.266859,10125.0,,,246.0,235.0,11.0,,,8.7596,3435.0,3390.0,97.0,3812.0,3687.0,98.0,-377.0,-297.0,-1.0,0.0,0.0,0.0,1.0,0.0,0.0,5116.0,5448.0,144.0,5454.0,5614.0,134.0,-338.0,-166.0,10.0,0.0,0.0,0.0,2.0,0.0,0.0,6657.0,7319.0,182.0,9504.0,8883.0,192.0,-2847.0,-1564.0,-10.0,0.0,0.0,2.0,6.0,3.0,0.0,8474.0,9643.0,230.0,12404.0,12593.0,240.0,-3930.0,-2950.0,-10.0,0.0,0.0,2.0,7.0,4.0,0.0
ESPORTSTMNT01_2250146,complete,http://matchhistory.na.leagueoflegends.com/en/#match-details/ESPORTSTMNT01/2250146?gameHash=3319d62225f8c535,LCK,2021,,0,2021-08-31 10:35:35,4.0,11.16,5,Blue,sup,Effort,oe:player:035b9ae578574cdf728d8760483d804,Liiv SANDBOX,oe:team:c75f1f337fc5867914749d438a4871d,Alistar,Irelia,LeBlanc,Renekton,Ziggs,Aphelios,,,,,,1685,0,0,5,1,4,18,0.0,0.0,0.0,0.0,0.0,0.0,0.0,1.0,0.1424,0.7834,,,,,,,,,,,,,,,,,,,,,0.0,0.0,,,,,,,,,,0.0,0.0,1595.0,56.7953,0.0404925,455.9288,553.9585,41.0,1.4599,12.0,0.4273,15.0,73.0,2.5994,5383,1669.0,59.4303,0.0677099,5275.0,,,34.0,34.0,0.0,,,1.2107,2022.0,2512.0,15.0,2381.0,2857.0,17.0,-359.0,-345.0,-2.0,0.0,0.0,1.0,0.0,1.0,0.0,2978.0,3263.0,22.0,3320.0,3521.0,22.0,-342.0,-258.0,0.0,0.0,0.0,2.0,0.0,3.0,0.0,4027.0,4307.0,28.0,5022.0,5962.0,32.0,-995.0,-1655.0,-4.0,0.0,0.0,3.0,0.0,9.0,0.0,4909.0,5611.0,34.0,6654.0,7598.0,42.0,-1745.0,-1987.0,-8.0,0.0,0.0,4.0,0.0,10.0,0.0
ESPORTSTMNT01_2250146,complete,http://matchhistory.na.leagueoflegends.com/en/#match-details/ESPORTSTMNT01/2250146?gameHash=3319d62225f8c535,LCK,2021,,0,2021-08-31 10:35:35,4.0,11.16,6,Red,top,Morgan,oe:player:f73dde2d8c7879ae8d1fcdc03c4ffeb,Hanwha Life Esports,oe:team:3a1d18f46bcb3716ebcfcf4ef068934,Camille,Ryze,Gnar,Rammus,Kalista,Varus,,,,,,1685,1,3,1,5,18,4,0.0,0.0,0.0,0.0,0.0,0.0,0.0,0.0,0.6409,0.7834,,,,,,,,,,,,,,,,,,,,,0.0,0.0,,,,,,,,,,1.0,0.0,10363.0,369.0089,0.189875,731.822,497.6973,11.0,0.3917,5.0,0.178,7.0,29.0,1.0326,9875,6161.0,219.3828,0.160403,9225.0,,,180.0,168.0,12.0,,,6.4095,2873.0,4679.0,48.0,3046.0,4168.0,77.0,-173.0,511.0,-29.0,1.0,0.0,0.0,0.0,0.0,1.0,4159.0,6712.0,78.0,4605.0,6577.0,119.0,-446.0,135.0,-41.0,1.0,2.0,0.0,0.0,0.0,2.0,5969.0,9358.0,104.0,6574.0,9310.0,160.0,-605.0,48.0,-56.0,2.0,5.0,1.0,0.0,2.0,4.0,8426.0,13324.0,160.0,8030.0,11651.0,197.0,396.0,1673.0,-37.0,2.0,5.0,1.0,0.0,2.0,4.0
ESPORTSTMNT01_2250146,complete,http://matchhistory.na.leagueoflegends.com/en/#match-details/ESPORTSTMNT01/2250146?gameHash=3319d62225f8c535,LCK,2021,,0,2021-08-31 10:35:35,4.0,11.16,7,Red,jng,Willer,oe:player:baf26814ef7b2f10fac33a00c3d53a3,Hanwha Life Esports,oe:team:3a1d18f46bcb3716ebcfcf4ef068934,Viego,Ryze,Gnar,Rammus,Kalista,Varus,,,,,,1685,1,6,2,7,18,4,2.0,1.0,0.0,0.0,0.0,0.0,0.0,0.0,0.6409,0.7834,,,,,,,,,,,,,,,,,,,,,1.0,0.0,,,,,,,,,,0.0,0.0,10184.0,362.635,0.186595,843.0623,532.2018,12.0,0.4273,10.0,0.3561,18.0,50.0,1.7804,11259,7545.0,268.6647,0.196433,10025.0,,,162.0,20.0,142.0,,,5.7685,2974.0,3561.0,64.0,3350.0,3811.0,64.0,-376.0,-250.0,0.0,0.0,0.0,1.0,1.0,0.0,0.0,5007.0,5758.0,98.0,4666.0,5545.0,96.0,341.0,213.0,2.0,1.0,1.0,1.0,1.0,0.0,0.0,6947.0,7539.0,118.0,6674.0,8153.0,127.0,273.0,-614.0,-9.0,3.0,5.0,2.0,2.0,1.0,1.0,9402.0,10708.0,152.0,7916.0,9679.0,151.0,1486.0,1029.0,1.0,3.0,6.0,2.0,2.0,1.0,1.0
ESPORTSTMNT01_2250146,complete,http://matchhistory.na.leagueoflegends.com/en/#match-details/ESPORTSTMNT01/2250146?gameHash=3319d62225f8c535,LCK,2021,,0,2021-08-31 10:35:35,4.0,11.16,8,Red,mid,Chovy,oe:player:fb6e61b8acb05df17b7e5ad4ae7c800,Hanwha Life Esports,oe:team:3a1d18f46bcb3716ebcfcf4ef068934,Twisted Fate,Ryze,Gnar,Rammus,Kalista,Varus,,,,,,1685,1,2,0,8,18,4,0.0,0.0,0.0,0.0,0.0,0.0,0.0,0.0,0.6409,0.7834,,,,,,,,,,,,,,,,,,,,,0.0,0.0,,,,,,,,,,1.0,0.0,11312.0,402.8012,0.207263,398.9911,200.5104,9.0,0.3205,8.0,0.2849,2.0,32.0,1.1395,14447,10733.0,382.184,0.279428,12550.0,,,292.0,272.0,20.0,,,10.3976,3770.0,4304.0,88.0,3363.0,4289.0,82.0,407.0,15.0,6.0,0.0,0.0,0.0,0.0,1.0,0.0,6355.0,7483.0,158.0,5418.0,7302.0,138.0,937.0,181.0,20.0,0.0,1.0,0.0,0.0,1.0,0.0,8759.0,11240.0,214.0,7652.0,10267.0,191.0,1107.0,973.0,23.0,0.0,6.0,0.0,1.0,1.0,1.0,12715.0,14726.0,268.0,9163.0,12301.0,230.0,3552.0,2425.0,38.0,1.0,7.0,0.0,1.0,1.0,2.0
ESPORTSTMNT01_2250146,complete,http://matchhistory.na.leagueoflegends.com/en/#match-details/ESPORTSTMNT01/2250146?gameHash=3319d62225f8c535,LCK,2021,,0,2021-08-31 10:35:35,4.0,11.16,9,Red,bot,Deft,oe:player:c588a2d07b69ca4ba61c96aebd3f793,Hanwha Life Esports,oe:team:3a1d18f46bcb3716ebcfcf4ef068934,Ezreal,Ryze,Gnar,Rammus,Kalista,Varus,,,,,,1685,1,7,1,7,18,4,1.0,0.0,0.0,0.0,1.0,1.0,0.0,0.0,0.6409,0.7834,,,,,,,,,,,,,,,,,,,,,0.0,0.0,,,,,,,,,,1.0,0.0,17175.0,611.5727,0.314687,314.2077,215.9644,13.0,0.4629,8.0,0.2849,6.0,34.0,1.2107,13785,10071.0,358.6113,0.262194,12480.0,,,263.0,243.0,20.0,,,9.365,3812.0,3687.0,98.0,3435.0,3390.0,97.0,377.0,297.0,1.0,1.0,0.0,0.0,0.0,0.0,0.0,5454.0,5614.0,134.0,5116.0,5448.0,144.0,338.0,166.0,-10.0,2.0,0.0,0.0,0.0,0.0,0.0,9504.0,8883.0,192.0,6657.0,7319.0,182.0,2847.0,1564.0,10.0,6.0,3.0,0.0,0.0,0.0,2.0,12404.0,12593.0,240.0,8474.0,9643.0,230.0,3930.0,2950.0,10.0,7.0,4.0,0.0,0.0,0.0,2.0
ESPORTSTMNT01_2250146,complete,http://matchhistory.na.leagueoflegends.com/en/#match-details/ESPORTSTMNT01/2250146?gameHash=3319d62225f8c535,LCK,2021,,0,2021-08-31 10:35:35,4.0,11.16,10,Red,sup,Vsta,oe:player:16c1637b4b44b008b4d6627f68ae30a,Hanwha Life Esports,oe:team:3a1d18f46bcb3716ebcfcf4ef068934,Rakan,Ryze,Gnar,Rammus,Kalista,Varus,,,,,,1685,1,0,0,14,18,4,0.0,0.0,0.0,0.0,1.0,0.0,1.0,0.0,0.6409,0.7834,,,,,,,,,,,,,,,,,,,,,0.0,0.0,,,,,,,,,,0.0,0.0,5544.0,197.4125,0.101579,149.2344,256.9496,42.0,1.4955,17.0,0.6053,13.0,87.0,3.0979,7614,3900.0,138.8724,0.101541,6635.0,,,42.0,42.0,0.0,,,1.4955,2381.0,2857.0,17.0,2022.0,2512.0,15.0,359.0,345.0,2.0,0.0,1.0,0.0,0.0,0.0,1.0,3320.0,3521.0,22.0,2978.0,3263.0,22.0,342.0,258.0,0.0,0.0,3.0,0.0,0.0,0.0,2.0,5022.0,5962.0,32.0,4027.0,4307.0,28.0,995.0,1655.0,4.0,0.0,9.0,0.0,0.0,0.0,3.0,6654.0,7598.0,42.0,4909.0,5611.0,34.0,1745.0,1987.0,8.0,0.0,10.0,0.0,0.0,0.0,4.0
ESPORTSTMNT01_2250146,complete,http://matchhistory.na.leagueoflegends.com/en/#match-details/ESPORTSTMNT01/2250146?gameHash=3319d62225f8c535,LCK,2021,,0,2021-08-31 10:35:35,4.0,11.16,100,Blue,team,,,Liiv SANDBOX,oe:team:c75f1f337fc5867914749d438a4871d,,Irelia,LeBlanc,Renekton,Ziggs,Aphelios,Lee Sin,Kennen,Azir,Samira,Alistar,1685,0,4,18,7,4,18,0.0,0.0,0.0,0.0,0.0,,,,0.1424,0.7834,0.0,1.0,3.0,1.0,3.0,1.0,0.0,0.0,0.0,0.0,0.0,,0.0,0.0,0.0,1.0,1.0,,,0.0,0.0,1.0,,,0.0,1.0,11.0,0.0,0.0,3.0,5.0,0.0,3.0,39390.0,1402.6113,,2683.3709,2196.7834,89.0,3.1691,32.0,1.1395,39.0,162.0,5.7685,43223,24655.0,877.9228,,41820.0,-0.19615,-2.6,,756.0,152.0,,,32.3323,15216.0,18170.0,335.0,15810.0,19088.0,315.0,-594.0,-918.0,20.0,1.0,1.0,2.0,2.0,1.0,1.0,22783.0,28135.0,519.0,24295.0,29088.0,490.0,-1512.0,-953.0,29.0,1.0,1.0,4.0,4.0,7.0,1.0,31584.0,39356.0,688.0,36201.0,42982.0,660.0,-4617.0,-3626.0,28.0,3.0,4.0,11.0,11.0,28.0,3.0,38492.0,48885.0,842.0,49601.0,58949.0,862.0,-11109.0,-10064.0,-20.0,3.0,4.0,13.0,13.0,32.0,3.0
ESPORTSTMNT01_2250146,complete,http://matchhistory.na.leagueoflegends.com/en/#match-details/ESPORTSTMNT01/2250146?gameHash=3319d62225f8c535,LCK,2021,,0,2021-08-31 10:35:35,4.0,11.16,200,Red,team,,,Hanwha Life Esports,oe:team:3a1d18f46bcb3716ebcfcf4ef068934,,Ryze,Gnar,Rammus,Kalista,Varus,Camille,Viego,Twisted Fate,Rakan,Ezreal,1685,1,18,4,41,18,4,3.0,1.0,0.0,0.0,1.0,,,,0.6409,0.7834,1.0,3.0,1.0,3.0,1.0,1.0,0.0,1.0,1.0,0.0,0.0,,0.0,0.0,1.0,1.0,1.0,,,1.0,1.0,0.0,,,1.0,11.0,1.0,1.0,1.0,5.0,3.0,3.0,0.0,54578.0,1943.4303,,2437.3175,1703.3234,87.0,3.0979,48.0,1.7092,46.0,232.0,8.2611,56980,38412.0,1367.7864,,50915.0,0.19615,2.6,,745.0,194.0,,,33.4362,15810.0,19088.0,315.0,15216.0,18170.0,335.0,594.0,918.0,-20.0,2.0,1.0,1.0,1.0,1.0,2.0,24295.0,29088.0,490.0,22783.0,28135.0,519.0,1512.0,953.0,-29.0,4.0,7.0,1.0,1.0,1.0,4.0,36201.0,42982.0,660.0,31584.0,39356.0,688.0,4617.0,3626.0,-28.0,11.0,28.0,3.0,3.0,4.0,11.0,49601.0,58949.0,862.0,38492.0,48885.0,842.0,11109.0,10064.0,20.0,13.0,32.0,3.0,3.0,4.0,13.0
ESPORTSTMNT01_2250224,complete,http://matchhistory.na.leagueoflegends.com/en/#match-details/ESPORTSTMNT01/2250224?gameHash=9f318a9895825739,LCK,2021,,0,2021-09-01 05:46:49,1.0,11.16,1,Blue,top,Rich,oe:player:6fbf57b984dbf130701e09ea4110bb8,Nongshim RedForce,oe:team:5cd2cd09ec94296f605dd13a2924d6c,Kennen,LeBlanc,Twisted Fate,Lee Sin,Braum,Alistar,,,,,,1845,0,1,1,2,4,12,0.0,0.0,0.0,0.0,0.0,0.0,0.0,0.0,0.1301,0.5203,,,,,,,,,,,,,,,,,,,,,0.0,0.0,,,,,,,,,,0.0,0.0,17309.0,562.8943,0.401927,489.9512,349.9837,11.0,0.3577,8.0,0.2602,6.0,31.0,1.0081,11433,7394.0,240.4553,0.249851,11060.0,,,274.0,262.0,12.0,,,8.9106,3401.0,4983.0,89.0,2933.0,4761.0,67.0,468.0,222.0,22.0,0.0,0.0,0.0,0.0,0.0,0.0,5110.0,7765.0,141.0,4273.0,7546.0,100.0,837.0,219.0,41.0,0.0,0.0,0.0,0.0,0.0,0.0,6754.0,9879.0,178.0,5858.0,9929.0,141.0,896.0,-50.0,37.0,0.0,1.0,0.0,0.0,0.0,0.0,9247.0,13344.0,239.0,7813.0,12619.0,194.0,1434.0,725.0,45.0,0.0,1.0,0.0,0.0,0.0,0.0
ESPORTSTMNT01_2250224,complete,http://matchhistory.na.leagueoflegends.com/en/#match-details/ESPORTSTMNT01/2250224?gameHash=9f318a9895825739,LCK,2021,,0,2021-09-01 05:46:49,1.0,11.16,2,Blue,jng,Peanut,oe:player:dda4a873265dfd06df50a0d8a294908,Nongshim RedForce,oe:team:5cd2cd09ec94296f605dd13a2924d6c,Trundle,LeBlanc,Twisted Fate,Lee Sin,Braum,Alistar,,,,,,1845,0,0,3,3,4,12,0.0,0.0,0.0,0.0,0.0,0.0,0.0,0.0,0.1301,0.5203,,,,,,,,,,,,,,,,,,,,,0.0,1.0,,,,,,,,,,0.0,0.0,3143.0,102.2114,0.0729827,927.122,677.5285,9.0,0.2927,22.0,0.7154,8.0,56.0,1.8211,8515,4476.0,145.561,0.151244,8150.0,,,158.0,27.0,131.0,,,5.1382,2929.0,3033.0,61.0,3071.0,3290.0,63.0,-142.0,-257.0,-2.0,0.0,0.0,0.0,0.0,0.0,0.0,4536.0,4909.0,90.0,4663.0,5759.0,105.0,-127.0,-850.0,-15.0,0.0,0.0,0.0,0.0,1.0,0.0,6171.0,7259.0,126.0,6337.0,8030.0,135.0,-166.0,-771.0,-9.0,0.0,1.0,0.0,0.0,2.0,0.0,7524.0,9160.0,155.0,7932.0,10308.0,167.0,-408.0,-1148.0,-12.0,0.0,1.0,0.0,0.0,2.0,0.0
ESPORTSTMNT01_2250224,complete,http://matchhistory.na.leagueoflegends.com/en/#match-details/ESPORTSTMNT01/2250224?gameHash=9f318a9895825739,LCK,2021,,0,2021-09-01 05:46:49,1.0,11.16,3,Blue,mid,Gori,oe:player:94e552221e552e3ebaaeefff76fd6ea,Nongshim RedForce,oe:team:5cd2cd09ec94296f605dd13a2924d6c,Syndra,LeBlanc,Twisted Fate,Lee Sin,Braum,Alistar,,,,,,1845,0,0,2,1,4,12,0.0,0.0,0.0,0.0,0.0,0.0,0.0,0.0,0.1301,0.5203,,,,,,,,,,,,,,,,,,,,,0.0,0.0,,,,,,,,,,0.0,0.0,9606.0,312.3902,0.223058,356.1951,160.3902,16.0,0.5203,5.0,0.1626,8.0,27.0,0.878,11448,7409.0,240.9431,0.250358,11650.0,,,313.0,293.0,20.0,,,10.1789,3376.0,4950.0,97.0,3507.0,5006.0,100.0,-131.0,-56.0,-3.0,0.0,0.0,0.0,0.0,0.0,0.0,5455.0,8206.0,164.0,5558.0,8229.0,165.0,-103.0,-23.0,-1.0,0.0,0.0,0.0,0.0,0.0,0.0,7500.0,11042.0,221.0,7667.0,11458.0,230.0,-167.0,-416.0,-9.0,0.0,0.0,0.0,0.0,0.0,0.0,9806.0,14001.0,280.0,10175.0,14608.0,292.0,-369.0,-607.0,-12.0,0.0,0.0,0.0,0.0,0.0,0.0
ESPORTSTMNT01_2250224,complete,http://matchhistory.na.leagueoflegends.com/en/#match-details/ESPORTSTMNT01/2250224?gameHash=9f318a9895825739,LCK,2021,,0,2021-09-01 05:46:49,1.0,11.16,4,Blue,bot,deokdam,oe:player:18bdb3898e7fecb3bb0be7ff075d509,Nongshim RedForce,oe:team:5cd2cd09ec94296f605dd13a2924d6c,Aphelios,LeBlanc,Twisted Fate,Lee Sin,Braum,Alistar,,,,,,1845,0,2,2,1,4,12,0.0,0.0,0.0,0.0,0.0,0.0,0.0,0.0,0.1301,0.5203,,,,,,,,,,,,,,,,,,,,,0.0,0.0,,,,,,,,,,0.0,1.0,10168.0,330.6667,0.236108,385.561,260.4228,10.0,0.3252,11.0,0.3577,5.0,21.0,0.6829,11954,7915.0,257.3984,0.267457,11425.0,,,275.0,258.0,17.0,,,8.9431,3230.0,2962.0,84.0,3443.0,3007.0,91.0,-213.0,-45.0,-7.0,0.0,0.0,0.0,0.0,0.0,0.0,5157.0,5029.0,128.0,5450.0,5002.0,141.0,-293.0,27.0,-13.0,0.0,0.0,0.0,1.0,0.0,0.0,7665.0,7728.0,180.0,7761.0,7257.0,192.0,-96.0,471.0,-12.0,1.0,0.0,0.0,2.0,0.0,0.0,9696.0,10577.0,240.0,10057.0,9657.0,254.0,-361.0,920.0,-14.0,1.0,0.0,0.0,2.0,0.0,0.0
ESPORTSTMNT01_2250224,complete,http://matchhistory.na.leagueoflegends.com/en/#match-details/ESPORTSTMNT01/2250224?gameHash=9f318a9895825739,LCK,2021,,0,2021-09-01 05:46:49,1.0,11.16,5,Blue,sup,Kellin,oe:player:b0ec3df39d61f953e7af0afd8eb8c4a,Nongshim RedForce,oe:team:5cd2cd09ec94296f605dd13a2924d6c,Thresh,LeBlanc,Twisted Fate,Lee Sin,Braum,Alistar,,,,,,1845,0,1,4,3,4,12,0.0,0.0,0.0,0.0,0.0,0.0,0.0,1.0,0.1301,0.5203,,,,,,,,,,,,,,,,,,,,,0.0,0.0,,,,,,,,,,0.0,0.0,2839.0,92.3252,0.0659236,279.5447,186.9919,58.0,1.8862,11.0,0.3577,19.0,81.0,2.6341,6439,2400.0,78.0488,0.081091,6300.0,,,31.0,31.0,0.0,,,1.0081,2108.0,2422.0,13.0,2032.0,2603.0,15.0,76.0,-181.0,-2.0,0.0,0.0,0.0,0.0,0.0,0.0,3262.0,3596.0,23.0,3098.0,3910.0,25.0,164.0,-314.0,-2.0,0.0,0.0,1.0,0.0,1.0,0.0,4209.0,4492.0,27.0,4201.0,4806.0,33.0,8.0,-314.0,-6.0,0.0,1.0,2.0,0.0,2.0,1.0,5072.0,5372.0,28.0,5371.0,6047.0,41.0,-299.0,-675.0,-13.0,0.0,1.0,2.0,0.0,2.0,1.0
ESPORTSTMNT01_2250224,complete,http://matchhistory.na.leagueoflegends.com/en/#match-details/ESPORTSTMNT01/2250224?gameHash=9f318a9895825739,LCK,2021,,0,2021-09-01 05:46:49,1.0,11.16,6,Red,top,Morgan,oe:player:f73dde2d8c7879ae8d1fcdc03c4ffeb,Hanwha Life Esports,oe:team:3a1d18f46bcb3716ebcfcf4ef068934,Camille,Ryze,Jayce,Irelia,Diana,Sylas,,,,,,1845,1,2,1,2,12,4,0.0,0.0,0.0,0.0,0.0,0.0,0.0,0.0,0.3902,0.5203,,,,,,,,,,,,,,,,,,,,,0.0,0.0,,,,,,,,,,0.0,0.0,8706.0,283.122,0.160838,614.9593,361.0732,16.0,0.5203,7.0,0.2276,10.0,35.0,1.1382,10986,6947.0,225.9187,0.189198,9850.0,,,233.0,217.0,16.0,,,7.5772,2933.0,4761.0,67.0,3401.0,4983.0,89.0,-468.0,-222.0,-22.0,0.0,0.0,0.0,0.0,0.0,0.0,4273.0,7546.0,100.0,5110.0,7765.0,141.0,-837.0,-219.0,-41.0,0.0,0.0,0.0,0.0,0.0,0.0,5858.0,9929.0,141.0,6754.0,9879.0,178.0,-896.0,50.0,-37.0,0.0,0.0,0.0,0.0,1.0,0.0,7813.0,12619.0,194.0,9247.0,13344.0,239.0,-1434.0,-725.0,-45.0,0.0,0.0,0.0,0.0,1.0,0.0
ESPORTSTMNT01_2250224,complete,http://matchhistory.na.leagueoflegends.com/en/#match-details/ESPORTSTMNT01/2250224?gameHash=9f318a9895825739,LCK,2021,,0,2021-09-01 05:46:49,1.0,11.16,7,Red,jng,Willer,oe:player:baf26814ef7b2f10fac33a00c3d53a3,Hanwha Life Esports,oe:team:3a1d18f46bcb3716ebcfcf4ef068934,Viego,Ryze,Jayce,Irelia,Diana,Sylas,,,,,,1845,1,2,0,8,12,4,0.0,0.0,0.0,0.0,1.0,0.0,1.0,0.0,0.3902,0.5203,,,,,,,,,,,,,,,,,,,,,1.0,0.0,,,,,,,,,,0.0,0.0,9669.0,314.439,0.178629,791.4146,441.3659,17.0,0.5528,15.0,0.4878,23.0,57.0,1.8537,10899,6860.0,223.0894,0.186829,9775.0,,,183.0,26.0,157.0,,,5.9512,3071.0,3290.0,63.0,2929.0,3033.0,61.0,142.0,257.0,2.0,0.0,0.0,0.0,0.0,0.0,0.0,4663.0,5759.0,105.0,4536.0,4909.0,90.0,127.0,850.0,15.0,0.0,1.0,0.0,0.0,0.0,0.0,6337.0,8030.0,135.0,6171.0,7259.0,126.0,166.0,771.0,9.0,0.0,2.0,0.0,0.0,1.0,0.0,7932.0,10308.0,167.0,7524.0,9160.0,155.0,408.0,1148.0,12.0,0.0,2.0,0.0,0.0,1.0,0.0
ESPORTSTMNT01_2250224,complete,http://matchhistory.na.leagueoflegends.com/en/#match-details/ESPORTSTMNT01/2250224?gameHash=9f318a9895825739,LCK,2021,,0,2021-09-01 05:46:49,1.0,11.16,8,Red,mid,Chovy,oe:player:fb6e61b8acb05df17b7e5ad4ae7c800,Hanwha Life Esports,oe:team:3a1d18f46bcb3716ebcfcf4ef068934,Azir,Ryze,Jayce,Irelia,Diana,Sylas,,,,,,1845,1,1,0,6,12,4,0.0,0.0,0.0,0.0,0.0,0.0,0.0,0.0,0.3902,0.5203,,,,,,,,,,,,,,,,,,,,,0.0,0.0,,,,,,,,,,0.0,0.0,14083.0,457.9837,0.260175,347.8699,245.3984,14.0,0.4553,15.0,0.4878,3.0,47.0,1.5285,13734,9695.0,315.2846,0.264042,10330.0,,,356.0,331.0,25.0,,,11.5772,3507.0,5006.0,100.0,3376.0,4950.0,97.0,131.0,56.0,3.0,0.0,0.0,0.0,0.0,0.0,0.0,5558.0,8229.0,165.0,5455.0,8206.0,164.0,103.0,23.0,1.0,0.0,0.0,0.0,0.0,0.0,0.0,7667.0,11458.0,230.0,7500.0,11042.0,221.0,167.0,416.0,9.0,0.0,0.0,0.0,0.0,0.0,0.0,10175.0,14608.0,292.0,9806.0,14001.0,280.0,369.0,607.0,12.0,0.0,0.0,0.0,0.0,0.0,0.0
ESPORTSTMNT01_2250224,complete,http://matchhistory.na.leagueoflegends.com/en/#match-details/ESPORTSTMNT01/2250224?gameHash=9f318a9895825739,LCK,2021,,0,2021-09-01 05:46:49,1.0,11.16,9,Red,bot,Deft,oe:player:c588a2d07b69ca4ba61c96aebd3f793,Hanwha Life Esports,oe:team:3a1d18f46bcb3716ebcfcf4ef068934,Varus,Ryze,Jayce,Irelia,Diana,Sylas,,,,,,1845,1,7,0,2,12,4,1.0,0.0,0.0,0.0,1.0,1.0,0.0,0.0,0.3902,0.5203,,,,,,,,,,,,,,,,,,,,,0.0,0.0,,,,,,,,,,1.0,0.0,19528.0,635.0569,0.360768,249.6911,109.4309,23.0,0.748,6.0,0.1951,5.0,38.0,1.2358,14171,10132.0,329.4959,0.275944,11875.0,,,290.0,278.0,12.0,,,9.4309,3443.0,3007.0,91.0,3230.0,2962.0,84.0,213.0,45.0,7.0,0.0,0.0,0.0,0.0,0.0,0.0,5450.0,5002.0,141.0,5157.0,5029.0,128.0,293.0,-27.0,13.0,1.0,0.0,0.0,0.0,0.0,0.0,7761.0,7257.0,192.0,7665.0,7728.0,180.0,96.0,-471.0,12.0,2.0,0.0,0.0,1.0,0.0,0.0,10057.0,9657.0,254.0,9696.0,10577.0,240.0,361.0,-920.0,14.0,2.0,0.0,0.0,1.0,0.0,0.0
ESPORTSTMNT01_2250224,complete,http://matchhistory.na.leagueoflegends.com/en/#match-details/ESPORTSTMNT01/2250224?gameHash=9f318a9895825739,LCK,2021,,0,2021-09-01 05:46:49,1.0,11.16,10,Red,sup,Vsta,oe:player:16c1637b4b44b008b4d6627f68ae30a,Hanwha Life Esports,oe:team:3a1d18f46bcb3716ebcfcf4ef068934,Leona,Ryze,Jayce,Irelia,Diana,Sylas,,,,,,1845,1,0,3,7,12,4,0.0,0.0,0.0,0.0,1.0,0.0,1.0,0.0,0.3902,0.5203,,,,,,,,,,,,,,,,,,,,,0.0,0.0,,,,,,,,,,0.0,0.0,2143.0,69.6911,0.0395906,328.4878,260.4878,41.0,1.3333,17.0,0.5528,18.0,95.0,3.0894,7123,3084.0,100.2927,0.0839864,6325.0,,,43.0,43.0,0.0,,,1.3984,2032.0,2603.0,15.0,2108.0,2422.0,13.0,-76.0,181.0,2.0,0.0,0.0,0.0,0.0,0.0,0.0,3098.0,3910.0,25.0,3262.0,3596.0,23.0,-164.0,314.0,2.0,0.0,1.0,0.0,0.0,0.0,1.0,4201.0,4806.0,33.0,4209.0,4492.0,27.0,-8.0,314.0,6.0,0.0,2.0,1.0,0.0,1.0,2.0,5371.0,6047.0,41.0,5072.0,5372.0,28.0,299.0,675.0,13.0,0.0,2.0,1.0,0.0,1.0,2.0
ESPORTSTMNT01_2250224,complete,http://matchhistory.na.leagueoflegends.com/en/#match-details/ESPORTSTMNT01/2250224?gameHash=9f318a9895825739,LCK,2021,,0,2021-09-01 05:46:49,1.0,11.16,100,Blue,team,,,Nongshim RedForce,oe:team:5cd2cd09ec94296f605dd13a2924d6c,,LeBlanc,Twisted Fate,Lee Sin,Braum,Alistar,Aphelios,Kennen,Trundle,Thresh,Syndra,1845,0,4,12,10,4,12,0.0,0.0,0.0,0.0,0.0,,,,0.1301,0.5203,0.0,1.0,4.0,1.0,4.0,0.0,0.0,1.0,0.0,0.0,0.0,,0.0,0.0,1.0,2.0,0.0,,,0.0,0.0,1.0,,,0.0,4.0,7.0,1.0,1.0,6.0,1.0,0.0,1.0,43065.0,1400.4878,,2438.374,1635.3171,104.0,3.3821,57.0,1.8537,46.0,216.0,7.0244,49789,29592.0,962.3415,,48585.0,0.00888981,-0.14,,871.0,180.0,,,34.1789,15044.0,18350.0,344.0,14986.0,18667.0,336.0,58.0,-317.0,8.0,0.0,0.0,0.0,0.0,0.0,0.0,23520.0,29505.0,546.0,23042.0,30446.0,536.0,478.0,-941.0,10.0,0.0,0.0,1.0,1.0,2.0,0.0,32299.0,40400.0,732.0,31824.0,41480.0,731.0,475.0,-1080.0,1.0,1.0,3.0,2.0,2.0,4.0,1.0,41345.0,52454.0,942.0,41348.0,53239.0,948.0,-3.0,-785.0,-6.0,1.0,3.0,2.0,2.0,4.0,1.0
ESPORTSTMNT01_2250224,complete,http://matchhistory.na.leagueoflegends.com/en/#match-details/ESPORTSTMNT01/2250224?gameHash=9f318a9895825739,LCK,2021,,0,2021-09-01 05:46:49,1.0,11.16,200,Red,team,,,Hanwha Life Esports,oe:team:3a1d18f46bcb3716ebcfcf4ef068934,,Ryze,Jayce,Irelia,Diana,Sylas,Varus,Azir,Camille,Leona,Viego,1845,1,12,4,25,12,4,1.0,0.0,0.0,0.0,1.0,,,,0.3902,0.5203,1.0,4.0,1.0,4.0,1.0,0.0,1.0,2.0,1.0,0.0,0.0,,0.0,0.0,0.0,0.0,2.0,,,1.0,1.0,0.0,,,1.0,7.0,4.0,0.0,0.0,1.0,6.0,1.0,0.0,54129.0,1760.2927,,2332.4228,1417.7561,111.0,3.6098,60.0,1.9512,59.0,272.0,8.8455,56913,36716.0,1194.0163,,48155.0,-0.00888981,0.14,,895.0,210.0,,,35.935,14986.0,18667.0,336.0,15044.0,18350.0,344.0,-58.0,317.0,-8.0,0.0,0.0,0.0,0.0,0.0,0.0,23042.0,30446.0,536.0,23520.0,29505.0,546.0,-478.0,941.0,-10.0,1.0,2.0,0.0,0.0,0.0,1.0,31824.0,41480.0,731.0,32299.0,40400.0,732.0,-475.0,1080.0,-1.0,2.0,4.0,1.0,1.0,3.0,2.0,41348.0,53239.0,948.0,41345.0,52454.0,942.0,3.0,785.0,6.0,2.0,4.0,1.0,1.0,3.0,2.0
ESPORTSTMNT01_2250245,complete,http://matchhistory.na.leagueoflegends.com/en/#match-details/ESPORTSTMNT01/2250245?gameHash=829d601e17bfe5a2,LCK,2021,,0,2021-09-01 08:37:04,2.0,11.16,1,Blue,top,Rich,oe:player:6fbf57b984dbf130701e09ea4110bb8,Nongshim RedForce,oe:team:5cd2cd09ec94296f605dd13a2924d6c,Kennen,LeBlanc,Camille,Twisted Fate,Nidalee,Trundle,,,,,,2096,0,2,3,3,8,23,0.0,0.0,0.0,0.0,0.0,0.0,0.0,0.0,0.229,0.8874,,,,,,,,,,,,,,,,,,,,,0.0,0.0,,,,,,,,,,0.0,0.0,22627.0,647.7195,0.305374,508.5687,328.7977,15.0,0.4294,9.0,0.2576,8.0,36.0,1.0305,14110,9558.0,273.6069,0.284083,12275.0,,,290.0,290.0,0.0,,,8.3015,3516.0,4875.0,87.0,2955.0,4250.0,72.0,561.0,625.0,15.0,0.0,0.0,0.0,0.0,0.0,0.0,5390.0,7710.0,141.0,4506.0,7214.0,116.0,884.0,496.0,25.0,0.0,0.0,0.0,0.0,0.0,0.0,7842.0,10818.0,190.0,6932.0,10011.0,162.0,910.0,807.0,28.0,1.0,0.0,0.0,1.0,0.0,0.0,9661.0,13126.0,233.0,9301.0,13618.0,215.0,360.0,-492.0,18.0,1.0,0.0,0.0,2.0,0.0,0.0
ESPORTSTMNT01_2250245,complete,http://matchhistory.na.leagueoflegends.com/en/#match-details/ESPORTSTMNT01/2250245?gameHash=829d601e17bfe5a2,LCK,2021,,0,2021-09-01 08:37:04,2.0,11.16,2,Blue,jng,Peanut,oe:player:dda4a873265dfd06df50a0d8a294908,Nongshim RedForce,oe:team:5cd2cd09ec94296f605dd13a2924d6c,Xin Zhao,LeBlanc,Camille,Twisted Fate,Nidalee,Trundle,,,,,,2096,0,1,5,4,8,23,0.0,0.0,0.0,0.0,0.0,0.0,0.0,0.0,0.229,0.8874,,,,,,,,,,,,,,,,,,,,,0.0,1.0,,,,,,,,,,1.0,0.0,9377.0,268.4256,0.126552,1076.8511,652.7004,16.0,0.458,19.0,0.5439,15.0,56.0,1.6031,10339,5787.0,165.6584,0.172002,10250.0,,,186.0,32.0,154.0,,,5.3244,2998.0,3000.0,63.0,3125.0,3280.0,63.0,-127.0,-280.0,0.0,0.0,0.0,0.0,0.0,1.0,0.0,4694.0,5795.0,105.0,5218.0,5672.0,100.0,-524.0,123.0,5.0,0.0,0.0,0.0,0.0,2.0,0.0,6187.0,7810.0,134.0,7398.0,8108.0,134.0,-1211.0,-298.0,0.0,0.0,2.0,1.0,1.0,3.0,0.0,7865.0,9725.0,161.0,9164.0,11160.0,165.0,-1299.0,-1435.0,-4.0,1.0,2.0,2.0,1.0,4.0,0.0
ESPORTSTMNT01_2250245,complete,http://matchhistory.na.leagueoflegends.com/en/#match-details/ESPORTSTMNT01/2250245?gameHash=829d601e17bfe5a2,LCK,2021,,0,2021-09-01 08:37:04,2.0,11.16,3,Blue,mid,Gori,oe:player:94e552221e552e3ebaaeefff76fd6ea,Nongshim RedForce,oe:team:5cd2cd09ec94296f605dd13a2924d6c,Irelia,LeBlanc,Camille,Twisted Fate,Nidalee,Trundle,,,,,,2096,0,3,5,4,8,23,0.0,0.0,0.0,0.0,0.0,0.0,0.0,0.0,0.229,0.8874,,,,,,,,,,,,,,,,,,,,,0.0,1.0,,,,,,,,,,0.0,0.0,10364.0,296.6794,0.139873,834.5324,827.5191,8.0,0.229,8.0,0.229,5.0,24.0,0.687,11518,6966.0,199.4084,0.207044,11675.0,,,242.0,238.0,4.0,,,6.9275,3141.0,4512.0,83.0,3465.0,4931.0,95.0,-324.0,-419.0,-12.0,0.0,0.0,0.0,0.0,0.0,0.0,4889.0,7282.0,137.0,6164.0,8110.0,160.0,-1275.0,-828.0,-23.0,0.0,0.0,1.0,1.0,0.0,0.0,7081.0,9594.0,185.0,8666.0,10880.0,216.0,-1585.0,-1286.0,-31.0,1.0,1.0,1.0,1.0,2.0,1.0,8355.0,10846.0,208.0,11360.0,14710.0,265.0,-3005.0,-3864.0,-57.0,1.0,2.0,2.0,3.0,4.0,1.0
ESPORTSTMNT01_2250245,complete,http://matchhistory.na.leagueoflegends.com/en/#match-details/ESPORTSTMNT01/2250245?gameHash=829d601e17bfe5a2,LCK,2021,,0,2021-09-01 08:37:04,2.0,11.16,4,Blue,bot,deokdam,oe:player:18bdb3898e7fecb3bb0be7ff075d509,Nongshim RedForce,oe:team:5cd2cd09ec94296f605dd13a2924d6c,Ziggs,LeBlanc,Camille,Twisted Fate,Nidalee,Trundle,,,,,,2096,0,2,4,4,8,23,0.0,0.0,0.0,0.0,0.0,0.0,0.0,1.0,0.229,0.8874,,,,,,,,,,,,,,,,,,,,,0.0,0.0,,,,,,,,,,0.0,0.0,28255.0,808.8263,0.38133,367.1279,105.3721,14.0,0.4008,5.0,0.1431,4.0,29.0,0.8302,13389,8837.0,252.9676,0.262654,12700.0,,,273.0,261.0,12.0,,,7.8149,2985.0,3422.0,76.0,3425.0,3439.0,77.0,-440.0,-17.0,-1.0,0.0,0.0,1.0,1.0,0.0,0.0,4968.0,6059.0,131.0,5228.0,5950.0,123.0,-260.0,109.0,8.0,0.0,0.0,1.0,1.0,0.0,0.0,6843.0,8824.0,179.0,7553.0,8414.0,169.0,-710.0,410.0,10.0,0.0,1.0,2.0,2.0,0.0,1.0,8534.0,10808.0,216.0,9590.0,11103.0,203.0,-1056.0,-295.0,13.0,0.0,1.0,2.0,3.0,2.0,2.0
ESPORTSTMNT01_2250245,complete,http://matchhistory.na.leagueoflegends.com/en/#match-details/ESPORTSTMNT01/2250245?gameHash=829d601e17bfe5a2,LCK,2021,,0,2021-09-01 08:37:04,2.0,11.16,5,Blue,sup,Kellin,oe:player:b0ec3df39d61f953e7af0afd8eb8c4a,Nongshim RedForce,oe:team:5cd2cd09ec94296f605dd13a2924d6c,Leona,LeBlanc,Camille,Twisted Fate,Nidalee,Trundle,,,,,,2096,0,0,6,6,8,23,0.0,0.0,0.0,0.0,0.0,0.0,0.0,0.0,0.229,0.8874,,,,,,,,,,,,,,,,,,,,,0.0,0.0,,,,,,,,,,0.0,0.0,3473.0,99.4179,0.0468716,498.7786,492.9962,64.0,1.8321,17.0,0.4866,26.0,93.0,2.6622,7049,2497.0,71.479,0.0742167,6600.0,,,41.0,41.0,0.0,,,1.1737,2030.0,1906.0,14.0,2144.0,1938.0,15.0,-114.0,-32.0,-1.0,0.0,0.0,0.0,0.0,1.0,0.0,2947.0,2919.0,23.0,3437.0,3412.0,31.0,-490.0,-493.0,-8.0,0.0,0.0,0.0,0.0,2.0,0.0,4164.0,4915.0,33.0,4624.0,4495.0,33.0,-460.0,420.0,0.0,0.0,2.0,1.0,0.0,5.0,0.0,5171.0,5654.0,37.0,6264.0,7137.0,42.0,-1093.0,-1483.0,-5.0,0.0,3.0,3.0,0.0,9.0,0.0
ESPORTSTMNT01_2250245,complete,http://matchhistory.na.leagueoflegends.com/en/#match-details/ESPORTSTMNT01/2250245?gameHash=829d601e17bfe5a2,LCK,2021,,0,2021-09-01 08:37:04,2.0,11.16,6,Red,top,Morgan,oe:player:f73dde2d8c7879ae8d1fcdc03c4ffeb,Hanwha Life Esports,oe:team:3a1d18f46bcb3716ebcfcf4ef068934,Renekton,Ryze,Jayce,Lee Sin,Aphelios,Ezreal,,,,,,2096,1,3,2,6,23,8,0.0,0.0,0.0,0.0,0.0,0.0,0.0,0.0,0.6584,0.8874,,,,,,,,,,,,,,,,,,,,,0.0,0.0,,,,,,,,,,0.0,0.0,11058.0,316.5458,0.134596,884.2844,716.021,14.0,0.4008,9.0,0.2576,9.0,41.0,1.1737,13177,8625.0,246.8989,0.193282,12875.0,,,261.0,247.0,14.0,,,7.4714,2955.0,4250.0,72.0,3516.0,4875.0,87.0,-561.0,-625.0,-15.0,0.0,0.0,0.0,0.0,0.0,0.0,4506.0,7214.0,116.0,5390.0,7710.0,141.0,-884.0,-496.0,-25.0,0.0,0.0,0.0,0.0,0.0,0.0,6932.0,10011.0,162.0,7842.0,10818.0,190.0,-910.0,-807.0,-28.0,1.0,0.0,0.0,1.0,0.0,0.0,9301.0,13618.0,215.0,9661.0,13126.0,233.0,-360.0,492.0,-18.0,2.0,0.0,0.0,1.0,0.0,0.0
ESPORTSTMNT01_2250245,complete,http://matchhistory.na.leagueoflegends.com/en/#match-details/ESPORTSTMNT01/2250245?gameHash=829d601e17bfe5a2,LCK,2021,,0,2021-09-01 08:37:04,2.0,11.16,7,Red,jng,Willer,oe:player:baf26814ef7b2f10fac33a00c3d53a3,Hanwha Life Esports,oe:team:3a1d18f46bcb3716ebcfcf4ef068934,Viego,Ryze,Jayce,Lee Sin,Aphelios,Ezreal,,,,,,2096,1,3,1,10,23,8,0.0,0.0,0.0,0.0,1.0,0.0,1.0,0.0,0.6584,0.8874,,,,,,,,,,,,,,,,,,,,,1.0,0.0,,,,,,,,,,0.0,1.0,11559.0,330.8874,0.140694,930.0,674.4275,17.0,0.4866,14.0,0.4008,22.0,62.0,1.7748,13063,8511.0,243.6355,0.190727,12425.0,,,212.0,31.0,181.0,,,6.0687,3125.0,3280.0,63.0,2998.0,3000.0,63.0,127.0,280.0,0.0,0.0,1.0,0.0,0.0,0.0,0.0,5218.0,5672.0,100.0,4694.0,5795.0,105.0,524.0,-123.0,-5.0,0.0,2.0,0.0,0.0,0.0,0.0,7398.0,8108.0,134.0,6187.0,7810.0,134.0,1211.0,298.0,0.0,1.0,3.0,0.0,0.0,2.0,1.0,9164.0,11160.0,165.0,7865.0,9725.0,161.0,1299.0,1435.0,4.0,1.0,4.0,0.0,1.0,2.0,2.0
ESPORTSTMNT01_2250245,complete,http://matchhistory.na.leagueoflegends.com/en/#match-details/ESPORTSTMNT01/2250245?gameHash=829d601e17bfe5a2,LCK,2021,,0,2021-09-01 08:37:04,2.0,11.16,8,Red,mid,Chovy,oe:player:fb6e61b8acb05df17b7e5ad4ae7c800,Hanwha Life Esports,oe:team:3a1d18f46bcb3716ebcfcf4ef068934,Azir,Ryze,Jayce,Lee Sin,Aphelios,Ezreal,,,,,,2096,1,11,2,8,23,8,2.0,1.0,0.0,0.0,0.0,0.0,0.0,0.0,0.6584,0.8874,,,,,,,,,,,,,,,,,,,,,1.0,0.0,,,,,,,,,,0.0,0.0,27095.0,775.6202,0.329795,378.5496,243.5496,17.0,0.4866,20.0,0.5725,7.0,66.0,1.8893,17908,13356.0,382.3282,0.2993,17745.0,,,356.0,305.0,51.0,,,10.1908,3465.0,4931.0,95.0,3141.0,4512.0,83.0,324.0,419.0,12.0,0.0,0.0,0.0,0.0,0.0,0.0,6164.0,8110.0,160.0,4889.0,7282.0,137.0,1275.0,828.0,23.0,1.0,0.0,0.0,0.0,0.0,1.0,8666.0,10880.0,216.0,7081.0,9594.0,185.0,1585.0,1286.0,31.0,1.0,2.0,1.0,1.0,1.0,1.0,11360.0,14710.0,265.0,8355.0,10846.0,208.0,3005.0,3864.0,57.0,3.0,4.0,1.0,1.0,2.0,2.0
ESPORTSTMNT01_2250245,complete,http://matchhistory.na.leagueoflegends.com/en/#match-details/ESPORTSTMNT01/2250245?gameHash=829d601e17bfe5a2,LCK,2021,,0,2021-09-01 08:37:04,2.0,11.16,9,Red,bot,Deft,oe:player:c588a2d07b69ca4ba61c96aebd3f793,Hanwha Life Esports,oe:team:3a1d18f46bcb3716ebcfcf4ef068934,Varus,Ryze,Jayce,Lee Sin,Aphelios,Ezreal,,,,,,2096,1,6,2,9,23,8,1.0,0.0,0.0,0.0,1.0,1.0,0.0,0.0,0.6584,0.8874,,,,,,,,,,,,,,,,,,,,,0.0,0.0,,,,,,,,,,0.0,0.0,27105.0,775.9065,0.329917,404.5134,187.0706,22.0,0.6298,5.0,0.1431,5.0,47.0,1.3454,14302,9750.0,279.1031,0.218492,12725.0,,,261.0,240.0,21.0,,,7.4714,3425.0,3439.0,77.0,2985.0,3422.0,76.0,440.0,17.0,1.0,1.0,0.0,0.0,0.0,0.0,1.0,5228.0,5950.0,123.0,4968.0,6059.0,131.0,260.0,-109.0,-8.0,1.0,0.0,0.0,0.0,0.0,1.0,7553.0,8414.0,169.0,6843.0,8824.0,179.0,710.0,-410.0,-10.0,2.0,0.0,1.0,0.0,1.0,2.0,9590.0,11103.0,203.0,8534.0,10808.0,216.0,1056.0,295.0,-13.0,3.0,2.0,2.0,0.0,1.0,2.0
ESPORTSTMNT01_2250245,complete,http://matchhistory.na.leagueoflegends.com/en/#match-details/ESPORTSTMNT01/2250245?gameHash=829d601e17bfe5a2,LCK,2021,,0,2021-09-01 08:37:04,2.0,11.16,10,Red,sup,Vsta,oe:player:16c1637b4b44b008b4d6627f68ae30a,Hanwha Life Esports,oe:team:3a1d18f46bcb3716ebcfcf4ef068934,Rakan,Ryze,Jayce,Lee Sin,Aphelios,Ezreal,,,,,,2096,1,0,1,19,23,8,0.0,0.0,0.0,0.0,1.0,0.0,1.0,0.0,0.6584,0.8874,,,,,,,,,,,,,,,,,,,,,0.0,0.0,,,,,,,,,,0.0,0.0,5340.0,152.8626,0.0649975,408.1489,473.0153,57.0,1.6317,20.0,0.5725,24.0,111.0,3.1775,8934,4382.0,125.4389,0.0981986,8300.0,,,47.0,47.0,0.0,,,1.3454,2144.0,1938.0,15.0,2030.0,1906.0,14.0,114.0,32.0,1.0,0.0,1.0,0.0,0.0,0.0,0.0,3437.0,3412.0,31.0,2947.0,2919.0,23.0,490.0,493.0,8.0,0.0,2.0,0.0,0.0,0.0,0.0,4624.0,4495.0,33.0,4164.0,4915.0,33.0,460.0,-420.0,0.0,0.0,5.0,0.0,0.0,2.0,1.0,6264.0,7137.0,42.0,5171.0,5654.0,37.0,1093.0,1483.0,5.0,0.0,9.0,0.0,0.0,3.0,3.0
ESPORTSTMNT01_2250245,complete,http://matchhistory.na.leagueoflegends.com/en/#match-details/ESPORTSTMNT01/2250245?gameHash=829d601e17bfe5a2,LCK,2021,,0,2021-09-01 08:37:04,2.0,11.16,100,Blue,team,,,Nongshim RedForce,oe:team:5cd2cd09ec94296f605dd13a2924d6c,,LeBlanc,Camille,Twisted Fate,Nidalee,Trundle,Irelia,Kennen,Xin Zhao,Ziggs,Leona,2096,0,8,23,21,8,23,0.0,0.0,0.0,0.0,0.0,,,,0.229,0.8874,1.0,2.0,3.0,2.0,3.0,1.0,0.0,0.0,1.0,0.0,0.0,,0.0,0.0,0.0,0.0,2.0,,,0.0,0.0,2.0,,,0.0,8.0,8.0,0.0,0.0,4.0,3.0,1.0,1.0,74096.0,2121.0687,,3285.8588,2407.3855,117.0,3.3492,58.0,1.6603,58.0,238.0,6.813,56405,33645.0,963.1202,,53500.0,-0.179808,-2.07,,862.0,170.0,,,29.542,14670.0,17715.0,323.0,15114.0,17838.0,322.0,-444.0,-123.0,1.0,0.0,0.0,1.0,1.0,2.0,0.0,22888.0,29765.0,537.0,24553.0,30358.0,530.0,-1665.0,-593.0,7.0,0.0,0.0,2.0,2.0,4.0,0.0,32117.0,41961.0,721.0,35173.0,41908.0,714.0,-3056.0,53.0,7.0,2.0,6.0,5.0,5.0,10.0,2.0,39586.0,50159.0,855.0,45679.0,57728.0,890.0,-6093.0,-7569.0,-35.0,3.0,8.0,9.0,9.0,19.0,3.0
ESPORTSTMNT01_2250245,complete,http://matchhistory.na.leagueoflegends.com/en/#match-details/ESPORTSTMNT01/2250245?gameHash=829d601e17bfe5a2,LCK,2021,,0,2021-09-01 08:37:04,2.0,11.16,200,Red,team,,,Hanwha Life Esports,oe:team:3a1d18f46bcb3716ebcfcf4ef068934,,Ryze,Jayce,Lee Sin,Aphelios,Ezreal,Varus,Azir,Renekton,Viego,Rakan,2096,1,23,8,52,23,8,3.0,1.0,0.0,0.0,1.0,,,,0.6584,0.8874,0.0,3.0,2.0,3.0,2.0,2.0,1.0,0.0,0.0,0.0,0.0,,0.0,0.0,1.0,2.0,0.0,,,1.0,2.0,0.0,,,1.0,8.0,8.0,1.0,1.0,3.0,4.0,1.0,1.0,82157.0,2351.8225,,3005.4962,2294.084,127.0,3.6355,68.0,1.9466,67.0,327.0,9.3607,67384,44624.0,1277.4046,,64070.0,0.179808,2.07,,870.0,267.0,,,32.5477,15114.0,17838.0,322.0,14670.0,17715.0,323.0,444.0,123.0,-1.0,1.0,2.0,0.0,0.0,0.0,1.0,24553.0,30358.0,530.0,22888.0,29765.0,537.0,1665.0,593.0,-7.0,2.0,4.0,0.0,0.0,0.0,2.0,35173.0,41908.0,714.0,32117.0,41961.0,721.0,3056.0,-53.0,-7.0,5.0,10.0,2.0,2.0,6.0,5.0,45679.0,57728.0,890.0,39586.0,50159.0,855.0,6093.0,7569.0,35.0,9.0,19.0,3.0,3.0,8.0,9.0
ESPORTSTMNT01_2250247,complete,http://matchhistory.na.leagueoflegends.com/en/#match-details/ESPORTSTMNT01/2250247?gameHash=9f9508a3cf3a5343,LCK,2021,,0,2021-09-01 09:37:17,3.0,11.16,1,Blue,top,Rich,oe:player:6fbf57b984dbf130701e09ea4110bb8,Nongshim RedForce,oe:team:5cd2cd09ec94296f605dd13a2924d6c,Jax,LeBlanc,Twisted Fate,Varus,Braum,Zoe,,,,,,1904,0,0,8,1,5,23,0.0,0.0,0.0,0.0,0.0,0.0,0.0,0.0,0.1576,0.8824,,,,,,,,,,,,,,,,,,,,,0.0,1.0,,,,,,,,,,0.0,0.0,12751.0,401.8172,0.234264,893.0987,684.0126,12.0,0.3782,6.0,0.1891,5.0,24.0,0.7563,10277,6116.0,192.7311,0.219281,9575.0,,,253.0,249.0,4.0,,,7.9727,3237.0,4705.0,85.0,3072.0,4410.0,80.0,165.0,295.0,5.0,0.0,0.0,0.0,0.0,0.0,0.0,4922.0,6926.0,124.0,4869.0,7254.0,117.0,53.0,-328.0,7.0,0.0,0.0,2.0,1.0,3.0,0.0,6864.0,9647.0,178.0,6716.0,10471.0,169.0,148.0,-824.0,9.0,0.0,0.0,2.0,1.0,3.0,0.0,8577.0,12126.0,219.0,8691.0,13423.0,207.0,-114.0,-1297.0,12.0,0.0,1.0,5.0,2.0,5.0,1.0
ESPORTSTMNT01_2250247,complete,http://matchhistory.na.leagueoflegends.com/en/#match-details/ESPORTSTMNT01/2250247?gameHash=9f9508a3cf3a5343,LCK,2021,,0,2021-09-01 09:37:17,3.0,11.16,2,Blue,jng,Peanut,oe:player:dda4a873265dfd06df50a0d8a294908,Nongshim RedForce,oe:team:5cd2cd09ec94296f605dd13a2924d6c,Nidalee,LeBlanc,Twisted Fate,Varus,Braum,Zoe,,,,,,1904,0,2,2,2,5,23,0.0,0.0,0.0,0.0,0.0,0.0,0.0,0.0,0.1576,0.8824,,,,,,,,,,,,,,,,,,,,,0.0,0.0,,,,,,,,,,0.0,0.0,12515.0,394.3803,0.229928,820.2101,408.7815,9.0,0.2836,26.0,0.8193,7.0,61.0,1.9223,11008,6847.0,215.7668,0.245488,10625.0,,,209.0,30.0,179.0,,,6.5861,3196.0,3528.0,68.0,2818.0,2969.0,58.0,378.0,559.0,10.0,0.0,0.0,0.0,0.0,0.0,0.0,5242.0,5820.0,111.0,4514.0,5355.0,91.0,728.0,465.0,20.0,0.0,0.0,1.0,0.0,4.0,0.0,7280.0,8087.0,144.0,6272.0,8057.0,135.0,1008.0,30.0,9.0,1.0,1.0,1.0,0.0,4.0,1.0,9010.0,10684.0,184.0,7989.0,10246.0,162.0,1021.0,438.0,22.0,1.0,2.0,1.0,1.0,4.0,2.0
ESPORTSTMNT01_2250247,complete,http://matchhistory.na.leagueoflegends.com/en/#match-details/ESPORTSTMNT01/2250247?gameHash=9f9508a3cf3a5343,LCK,2021,,0,2021-09-01 09:37:17,3.0,11.16,3,Blue,mid,Gori,oe:player:94e552221e552e3ebaaeefff76fd6ea,Nongshim RedForce,oe:team:5cd2cd09ec94296f605dd13a2924d6c,Azir,LeBlanc,Twisted Fate,Varus,Braum,Zoe,,,,,,1904,0,2,4,1,5,23,0.0,0.0,0.0,0.0,0.0,0.0,0.0,0.0,0.1576,0.8824,,,,,,,,,,,,,,,,,,,,,0.0,0.0,,,,,,,,,,0.0,1.0,16012.0,504.5798,0.294176,511.1029,296.8803,17.0,0.5357,4.0,0.1261,8.0,27.0,0.8508,11195,7034.0,221.6597,0.252193,11200.0,,,277.0,271.0,6.0,,,8.729,3125.0,4483.0,80.0,3745.0,4902.0,95.0,-620.0,-419.0,-15.0,0.0,0.0,0.0,1.0,0.0,0.0,4843.0,6823.0,132.0,6735.0,8051.0,156.0,-1892.0,-1228.0,-24.0,0.0,0.0,0.0,4.0,0.0,0.0,7186.0,9854.0,189.0,8649.0,10677.0,211.0,-1463.0,-823.0,-22.0,1.0,0.0,0.0,4.0,0.0,0.0,8847.0,12152.0,224.0,10917.0,13690.0,268.0,-2070.0,-1538.0,-44.0,2.0,0.0,2.0,4.0,1.0,0.0
ESPORTSTMNT01_2250247,complete,http://matchhistory.na.leagueoflegends.com/en/#match-details/ESPORTSTMNT01/2250247?gameHash=9f9508a3cf3a5343,LCK,2021,,0,2021-09-01 09:37:17,3.0,11.16,4,Blue,bot,deokdam,oe:player:18bdb3898e7fecb3bb0be7ff075d509,Nongshim RedForce,oe:team:5cd2cd09ec94296f605dd13a2924d6c,Ezreal,LeBlanc,Twisted Fate,Varus,Braum,Zoe,,,,,,1904,0,1,4,0,5,23,0.0,0.0,0.0,0.0,0.0,0.0,0.0,1.0,0.1576,0.8824,,,,,,,,,,,,,,,,,,,,,0.0,0.0,,,,,,,,,,0.0,1.0,10635.0,335.1366,0.195389,594.3277,323.2248,13.0,0.4097,9.0,0.2836,4.0,29.0,0.9139,10213,6052.0,190.7143,0.216986,10250.0,,,256.0,246.0,10.0,,,8.0672,2532.0,2672.0,51.0,3515.0,3006.0,87.0,-983.0,-334.0,-36.0,0.0,0.0,1.0,0.0,1.0,0.0,4032.0,4877.0,95.0,5860.0,5942.0,145.0,-1828.0,-1065.0,-50.0,0.0,0.0,1.0,0.0,2.0,0.0,6020.0,7629.0,155.0,7962.0,8297.0,199.0,-1942.0,-668.0,-44.0,0.0,0.0,1.0,0.0,2.0,1.0,8254.0,10723.0,214.0,10832.0,11351.0,241.0,-2578.0,-628.0,-27.0,1.0,0.0,1.0,4.0,3.0,1.0
ESPORTSTMNT01_2250247,complete,http://matchhistory.na.leagueoflegends.com/en/#match-details/ESPORTSTMNT01/2250247?gameHash=9f9508a3cf3a5343,LCK,2021,,0,2021-09-01 09:37:17,3.0,11.16,5,Blue,sup,Kellin,oe:player:b0ec3df39d61f953e7af0afd8eb8c4a,Nongshim RedForce,oe:team:5cd2cd09ec94296f605dd13a2924d6c,Leona,LeBlanc,Twisted Fate,Varus,Braum,Zoe,,,,,,1904,0,0,5,2,5,23,0.0,0.0,0.0,0.0,0.0,0.0,0.0,0.0,0.1576,0.8824,,,,,,,,,,,,,,,,,,,,,0.0,0.0,,,,,,,,,,0.0,0.0,2517.0,79.3172,0.0462429,365.9244,399.0441,57.0,1.7962,10.0,0.3151,14.0,79.0,2.4895,6003,1842.0,58.0462,0.0660517,5700.0,,,30.0,30.0,0.0,,,0.9454,2043.0,1843.0,13.0,2526.0,2600.0,4.0,-483.0,-757.0,9.0,0.0,0.0,0.0,0.0,1.0,0.0,2983.0,2911.0,20.0,3568.0,3785.0,5.0,-585.0,-874.0,15.0,0.0,0.0,1.0,0.0,3.0,0.0,4117.0,4445.0,27.0,4585.0,4954.0,6.0,-468.0,-509.0,21.0,0.0,0.0,1.0,0.0,3.0,0.0,4949.0,5709.0,28.0,6037.0,8136.0,11.0,-1088.0,-2427.0,17.0,0.0,1.0,2.0,0.0,8.0,0.0
ESPORTSTMNT01_2250247,complete,http://matchhistory.na.leagueoflegends.com/en/#match-details/ESPORTSTMNT01/2250247?gameHash=9f9508a3cf3a5343,LCK,2021,,0,2021-09-01 09:37:17,3.0,11.16,6,Red,top,Morgan,oe:player:f73dde2d8c7879ae8d1fcdc03c4ffeb,Hanwha Life Esports,oe:team:3a1d18f46bcb3716ebcfcf4ef068934,Camille,Ryze,Jayce,Aphelios,Renekton,Gnar,,,,,,1904,1,6,2,10,23,5,1.0,0.0,0.0,0.0,0.0,0.0,0.0,0.0,0.7248,0.8824,,,,,,,,,,,,,,,,,,,,,1.0,0.0,,,,,,,,,,0.0,0.0,17531.0,552.4475,0.254113,825.5042,691.9538,16.0,0.5042,10.0,0.3151,13.0,42.0,1.3235,13067,8906.0,280.6513,0.205146,12825.0,,,272.0,236.0,36.0,,,8.5714,3072.0,4410.0,80.0,3237.0,4705.0,85.0,-165.0,-295.0,-5.0,0.0,0.0,0.0,0.0,0.0,0.0,4869.0,7254.0,117.0,4922.0,6926.0,124.0,-53.0,328.0,-7.0,1.0,3.0,0.0,0.0,0.0,2.0,6716.0,10471.0,169.0,6864.0,9647.0,178.0,-148.0,824.0,-9.0,1.0,3.0,0.0,0.0,0.0,2.0,8691.0,13423.0,207.0,8577.0,12126.0,219.0,114.0,1297.0,-12.0,2.0,5.0,1.0,0.0,1.0,5.0
ESPORTSTMNT01_2250247,complete,http://matchhistory.na.leagueoflegends.com/en/#match-details/ESPORTSTMNT01/2250247?gameHash=9f9508a3cf3a5343,LCK,2021,,0,2021-09-01 09:37:17,3.0,11.16,7,Red,jng,Willer,oe:player:baf26814ef7b2f10fac33a00c3d53a3,Hanwha Life Esports,oe:team:3a1d18f46bcb3716ebcfcf4ef068934,Lee Sin,Ryze,Jayce,Aphelios,Renekton,Gnar,,,,,,1904,1,3,2,13,23,5,0.0,0.0,0.0,0.0,0.0,0.0,0.0,0.0,0.7248,0.8824,,,,,,,,,,,,,,,,,,,,,0.0,0.0,,,,,,,,,,0.0,0.0,9809.0,309.1071,0.142182,865.021,801.334,23.0,0.7248,12.0,0.3782,12.0,61.0,1.9223,11700,7539.0,237.5735,0.173659,10100.0,,,195.0,32.0,163.0,,,6.145,2818.0,2969.0,58.0,3196.0,3528.0,68.0,-378.0,-559.0,-10.0,0.0,0.0,0.0,0.0,0.0,0.0,4514.0,5355.0,91.0,5242.0,5820.0,111.0,-728.0,-465.0,-20.0,0.0,4.0,0.0,0.0,0.0,1.0,6272.0,8057.0,135.0,7280.0,8087.0,144.0,-1008.0,-30.0,-9.0,0.0,4.0,1.0,1.0,1.0,1.0,7989.0,10246.0,162.0,9010.0,10684.0,184.0,-1021.0,-438.0,-22.0,1.0,4.0,2.0,1.0,2.0,1.0
ESPORTSTMNT01_2250247,complete,http://matchhistory.na.leagueoflegends.com/en/#match-details/ESPORTSTMNT01/2250247?gameHash=9f9508a3cf3a5343,LCK,2021,,0,2021-09-01 09:37:17,3.0,11.16,8,Red,mid,Chovy,oe:player:fb6e61b8acb05df17b7e5ad4ae7c800,Hanwha Life Esports,oe:team:3a1d18f46bcb3716ebcfcf4ef068934,Galio,Ryze,Jayce,Aphelios,Renekton,Gnar,,,,,,1904,1,8,0,8,23,5,2.0,1.0,0.0,0.0,1.0,1.0,0.0,0.0,0.7248,0.8824,,,,,,,,,,,,,,,,,,,,,0.0,0.0,,,,,,,,,,1.0,0.0,15752.0,496.3866,0.228326,396.7437,687.6996,14.0,0.4412,8.0,0.2521,3.0,37.0,1.166,15745,11584.0,365.042,0.26683,12925.0,,,336.0,317.0,19.0,,,10.5882,3745.0,4902.0,95.0,3125.0,4483.0,80.0,620.0,419.0,15.0,1.0,0.0,0.0,0.0,0.0,0.0,6735.0,8051.0,156.0,4843.0,6823.0,132.0,1892.0,1228.0,24.0,4.0,0.0,0.0,0.0,0.0,0.0,8649.0,10677.0,211.0,7186.0,9854.0,189.0,1463.0,823.0,22.0,4.0,0.0,0.0,1.0,0.0,0.0,10917.0,13690.0,268.0,8847.0,12152.0,224.0,2070.0,1538.0,44.0,4.0,1.0,0.0,2.0,0.0,2.0
ESPORTSTMNT01_2250247,complete,http://matchhistory.na.leagueoflegends.com/en/#match-details/ESPORTSTMNT01/2250247?gameHash=9f9508a3cf3a5343,LCK,2021,,0,2021-09-01 09:37:17,3.0,11.16,9,Red,bot,Deft,oe:player:c588a2d07b69ca4ba61c96aebd3f793,Hanwha Life Esports,oe:team:3a1d18f46bcb3716ebcfcf4ef068934,Ashe,Ryze,Jayce,Aphelios,Renekton,Gnar,,,,,,1904,1,5,1,11,23,5,1.0,1.0,0.0,0.0,1.0,0.0,1.0,0.0,0.7248,0.8824,,,,,,,,,,,,,,,,,,,,,0.0,0.0,,,,,,,,,,1.0,0.0,22218.0,700.1471,0.322051,522.3529,448.2353,27.0,0.8508,11.0,0.3466,6.0,57.0,1.7962,14688,10527.0,331.7332,0.242483,13600.0,,,296.0,282.0,14.0,,,9.3277,3515.0,3006.0,87.0,2532.0,2672.0,51.0,983.0,334.0,36.0,0.0,1.0,0.0,0.0,0.0,1.0,5860.0,5942.0,145.0,4032.0,4877.0,95.0,1828.0,1065.0,50.0,0.0,2.0,0.0,0.0,0.0,1.0,7962.0,8297.0,199.0,6020.0,7629.0,155.0,1942.0,668.0,44.0,0.0,2.0,1.0,0.0,0.0,1.0,10832.0,11351.0,241.0,8254.0,10723.0,214.0,2578.0,628.0,27.0,4.0,3.0,1.0,1.0,0.0,1.0
ESPORTSTMNT01_2250247,complete,http://matchhistory.na.leagueoflegends.com/en/#match-details/ESPORTSTMNT01/2250247?gameHash=9f9508a3cf3a5343,LCK,2021,,0,2021-09-01 09:37:17,3.0,11.16,10,Red,sup,Vsta,oe:player:16c1637b4b44b008b4d6627f68ae30a,Hanwha Life Esports,oe:team:3a1d18f46bcb3716ebcfcf4ef068934,Lulu,Ryze,Jayce,Aphelios,Renekton,Gnar,,,,,,1904,1,1,0,19,23,5,0.0,0.0,0.0,0.0,1.0,0.0,1.0,0.0,0.7248,0.8824,,,,,,,,,,,,,,,,,,,,,0.0,0.0,,,,,,,,,,0.0,0.0,3679.0,115.9349,0.0533273,145.3992,66.3655,58.0,1.8277,8.0,0.2521,21.0,85.0,2.6786,9018,4857.0,153.0567,0.111883,8025.0,,,15.0,15.0,0.0,,,0.4727,2526.0,2600.0,4.0,2043.0,1843.0,13.0,483.0,757.0,-9.0,0.0,1.0,0.0,0.0,0.0,0.0,3568.0,3785.0,5.0,2983.0,2911.0,20.0,585.0,874.0,-15.0,0.0,3.0,0.0,0.0,0.0,1.0,4585.0,4954.0,6.0,4117.0,4445.0,27.0,468.0,509.0,-21.0,0.0,3.0,0.0,0.0,0.0,1.0,6037.0,8136.0,11.0,4949.0,5709.0,28.0,1088.0,2427.0,-17.0,0.0,8.0,0.0,0.0,1.0,2.0
ESPORTSTMNT01_2250247,complete,http://matchhistory.na.leagueoflegends.com/en/#match-details/ESPORTSTMNT01/2250247?gameHash=9f9508a3cf3a5343,LCK,2021,,0,2021-09-01 09:37:17,3.0,11.16,100,Blue,team,,,Nongshim RedForce,oe:team:5cd2cd09ec94296f605dd13a2924d6c,,LeBlanc,Twisted Fate,Varus,Braum,Zoe,Azir,Ezreal,Leona,Jax,Nidalee,1904,0,5,23,6,5,23,0.0,0.0,0.0,0.0,0.0,,,,0.1576,0.8824,0.0,1.0,4.0,1.0,4.0,0.0,0.0,0.0,1.0,0.0,0.0,,0.0,0.0,1.0,1.0,1.0,,,0.0,0.0,1.0,,,0.0,1.0,10.0,0.0,0.0,3.0,4.0,0.0,2.0,54430.0,1715.2311,,3184.6639,2111.9433,108.0,3.4034,55.0,1.7332,38.0,220.0,6.9328,48696,27893.0,878.9811,,47350.0,-0.193179,-2.97,,826.0,199.0,,,32.3004,14133.0,17231.0,297.0,15676.0,17887.0,324.0,-1543.0,-656.0,-27.0,0.0,0.0,1.0,1.0,2.0,0.0,22022.0,27357.0,482.0,25546.0,30387.0,514.0,-3524.0,-3030.0,-32.0,0.0,0.0,5.0,5.0,12.0,0.0,31467.0,39662.0,693.0,34184.0,42456.0,720.0,-2717.0,-2794.0,-27.0,2.0,1.0,5.0,5.0,12.0,2.0,39637.0,51394.0,869.0,44466.0,56846.0,889.0,-4829.0,-5452.0,-20.0,4.0,4.0,11.0,11.0,21.0,4.0
ESPORTSTMNT01_2250247,complete,http://matchhistory.na.leagueoflegends.com/en/#match-details/ESPORTSTMNT01/2250247?gameHash=9f9508a3cf3a5343,LCK,2021,,0,2021-09-01 09:37:17,3.0,11.16,200,Red,team,,,Hanwha Life Esports,oe:team:3a1d18f46bcb3716ebcfcf4ef068934,,Ryze,Jayce,Aphelios,Renekton,Gnar,Lee Sin,Ashe,Camille,Lulu,Galio,1904,1,23,5,61,23,5,4.0,2.0,0.0,0.0,1.0,,,,0.7248,0.8824,1.0,4.0,1.0,4.0,1.0,1.0,0.0,1.0,2.0,0.0,0.0,,0.0,0.0,0.0,1.0,1.0,,,1.0,1.0,0.0,,,1.0,10.0,1.0,1.0,1.0,4.0,3.0,2.0,0.0,68989.0,2174.0231,,2755.021,2695.5882,138.0,4.3487,49.0,1.5441,55.0,282.0,8.8866,64218,43415.0,1368.1197,,57475.0,0.193179,2.97,,882.0,232.0,,,35.105,15676.0,17887.0,324.0,14133.0,17231.0,297.0,1543.0,656.0,27.0,1.0,2.0,0.0,0.0,0.0,1.0,25546.0,30387.0,514.0,22022.0,27357.0,482.0,3524.0,3030.0,32.0,5.0,12.0,0.0,0.0,0.0,5.0,34184.0,42456.0,720.0,31467.0,39662.0,693.0,2717.0,2794.0,27.0,5.0,12.0,2.0,2.0,1.0,5.0,44466.0,56846.0,889.0,39637.0,51394.0,869.0,4829.0,5452.0,20.0,11.0,21.0,4.0,4.0,4.0,11.0
ESPORTSTMNT01_2250342,complete,http://matchhistory.na.leagueoflegends.com/en/#match-details/ESPORTSTMNT01/2250342?gameHash=4c7153067dd95838,LCK,2021,,0,2021-09-02 07:52:07,1.0,11.16,1,Blue,top,Canna,oe:player:7577c239c73fa5f3011cd7b5503e75e,T1,oe:team:ce499dea30cfce118f4fe85da0227e8,Kennen,Renekton,Camille,LeBlanc,Leona,Braum,,,,,,2211,1,5,1,5,20,4,0.0,0.0,0.0,0.0,1.0,0.0,1.0,0.0,0.5427,0.6513,,,,,,,,,,,,,,,,,,,,,0.0,0.0,,,,,,,,,,0.0,0.0,22222.0,603.0393,0.319792,462.8765,449.5522,11.0,0.2985,9.0,0.2442,7.0,39.0,1.0583,16254,11467.0,311.1805,0.253062,15125.0,,,308.0,284.0,24.0,,,8.3582,3679.0,4850.0,88.0,2869.0,4595.0,70.0,810.0,255.0,18.0,0.0,1.0,0.0,0.0,0.0,1.0,6450.0,8000.0,138.0,4318.0,7363.0,117.0,2132.0,637.0,21.0,1.0,1.0,0.0,0.0,0.0,2.0,8456.0,10885.0,188.0,5691.0,8950.0,147.0,2765.0,1935.0,41.0,1.0,2.0,0.0,0.0,1.0,4.0,10722.0,13203.0,221.0,7510.0,11173.0,180.0,3212.0,2030.0,41.0,2.0,3.0,1.0,1.0,1.0,4.0
ESPORTSTMNT01_2250342,complete,http://matchhistory.na.leagueoflegends.com/en/#match-details/ESPORTSTMNT01/2250342?gameHash=4c7153067dd95838,LCK,2021,,0,2021-09-02 07:52:07,1.0,11.16,2,Blue,jng,Oner,oe:player:f8b68f268106124fc4bc1c946adc9b0,T1,oe:team:ce499dea30cfce118f4fe85da0227e8,Lee Sin,Renekton,Camille,LeBlanc,Leona,Braum,,,,,,2211,1,3,1,9,20,4,0.0,0.0,0.0,0.0,1.0,1.0,0.0,0.0,0.5427,0.6513,,,,,,,,,,,,,,,,,,,,,0.0,0.0,,,,,,,,,,0.0,0.0,7414.0,201.194,0.106693,705.0746,767.2185,21.0,0.5699,19.0,0.5156,10.0,67.0,1.8182,12728,7941.0,215.4953,0.175248,12050.0,,,185.0,30.0,155.0,,,5.0204,3532.0,3482.0,60.0,3246.0,3583.0,77.0,286.0,-101.0,-17.0,1.0,0.0,0.0,0.0,0.0,0.0,5228.0,5967.0,95.0,4566.0,5596.0,110.0,662.0,371.0,-15.0,1.0,0.0,0.0,0.0,0.0,0.0,6887.0,7857.0,112.0,6081.0,7160.0,134.0,806.0,697.0,-22.0,2.0,2.0,0.0,1.0,0.0,1.0,8312.0,10119.0,140.0,7570.0,9402.0,161.0,742.0,717.0,-21.0,2.0,3.0,1.0,1.0,2.0,2.0
ESPORTSTMNT01_2250342,complete,http://matchhistory.na.leagueoflegends.com/en/#match-details/ESPORTSTMNT01/2250342?gameHash=4c7153067dd95838,LCK,2021,,0,2021-09-02 07:52:07,1.0,11.16,3,Blue,mid,Faker,oe:player:e1edfc5cea461399a63cb813cf795cc,T1,oe:team:ce499dea30cfce118f4fe85da0227e8,Kassadin,Renekton,Camille,LeBlanc,Leona,Braum,,,,,,2211,1,7,0,5,20,4,1.0,0.0,0.0,0.0,0.0,0.0,0.0,0.0,0.5427,0.6513,,,,,,,,,,,,,,,,,,,,,0.0,0.0,,,,,,,,,,2.0,0.0,21682.0,588.3853,0.312021,697.2049,601.0583,21.0,0.5699,12.0,0.3256,9.0,45.0,1.2212,15754,10967.0,297.6119,0.242027,14825.0,,,307.0,283.0,24.0,,,8.3311,3080.0,4971.0,78.0,3729.0,5166.0,105.0,-649.0,-195.0,-27.0,0.0,0.0,0.0,0.0,0.0,0.0,4859.0,7954.0,132.0,5771.0,8143.0,164.0,-912.0,-189.0,-32.0,0.0,0.0,0.0,0.0,0.0,0.0,7162.0,11197.0,176.0,7819.0,11011.0,221.0,-657.0,186.0,-45.0,2.0,0.0,0.0,0.0,1.0,0.0,8935.0,13005.0,204.0,9838.0,13430.0,270.0,-903.0,-425.0,-66.0,3.0,2.0,0.0,0.0,3.0,1.0
ESPORTSTMNT01_2250342,complete,http://matchhistory.na.leagueoflegends.com/en/#match-details/ESPORTSTMNT01/2250342?gameHash=4c7153067dd95838,LCK,2021,,0,2021-09-02 07:52:07,1.0,11.16,4,Blue,bot,,,T1,oe:team:ce499dea30cfce118f4fe85da0227e8,Aphelios,Renekton,Camille,LeBlanc,Leona,Braum,,,,,,2211,1,4,0,6,20,4,1.0,0.0,0.0,0.0,0.0,0.0,0.0,0.0,0.5427,0.6513,,,,,,,,,,,,,,,,,,,,,1.0,0.0,,,,,,,,,,1.0,0.0,16404.0,445.156,0.236066,319.2673,507.4627,15.0,0.4071,10.0,0.2714,8.0,38.0,1.0312,16247,11460.0,310.9905,0.252907,15650.0,,,375.0,335.0,40.0,,,10.1764,3181.0,3233.0,86.0,3264.0,3247.0,89.0,-83.0,-14.0,-3.0,0.0,0.0,0.0,0.0,0.0,0.0,4887.0,5218.0,135.0,5048.0,5353.0,143.0,-161.0,-135.0,-8.0,0.0,0.0,0.0,0.0,0.0,0.0,7333.0,8057.0,196.0,6572.0,7238.0,180.0,761.0,819.0,16.0,1.0,1.0,0.0,0.0,1.0,1.0,9643.0,10510.0,251.0,8803.0,9247.0,220.0,840.0,1263.0,31.0,2.0,2.0,0.0,1.0,2.0,1.0
ESPORTSTMNT01_2250342,complete,http://matchhistory.na.leagueoflegends.com/en/#match-details/ESPORTSTMNT01/2250342?gameHash=4c7153067dd95838,LCK,2021,,0,2021-09-02 07:52:07,1.0,11.16,5,Blue,sup,Keria,oe:player:db79ce6ad35451c938fbe2995dabd37,T1,oe:team:ce499dea30cfce118f4fe85da0227e8,Thresh,Renekton,Camille,LeBlanc,Leona,Braum,,,,,,2211,1,1,2,9,20,4,0.0,0.0,0.0,0.0,0.0,0.0,0.0,0.0,0.5427,0.6513,,,,,,,,,,,,,,,,,,,,,0.0,0.0,,,,,,,,,,0.0,0.0,1767.0,47.9512,0.0254285,384.1248,231.9132,67.0,1.8182,9.0,0.2442,24.0,92.0,2.4966,8265,3478.0,94.3826,0.0767561,8630.0,,,30.0,30.0,0.0,,,0.8141,2062.0,2088.0,14.0,2012.0,2288.0,4.0,50.0,-200.0,10.0,0.0,0.0,0.0,0.0,0.0,0.0,3195.0,3374.0,22.0,3047.0,3863.0,6.0,148.0,-489.0,16.0,0.0,0.0,0.0,0.0,0.0,0.0,4259.0,5096.0,27.0,4146.0,5384.0,15.0,113.0,-288.0,12.0,0.0,2.0,1.0,0.0,1.0,0.0,5159.0,6714.0,28.0,5176.0,7191.0,19.0,-17.0,-477.0,9.0,0.0,4.0,1.0,0.0,3.0,1.0
ESPORTSTMNT01_2250342,complete,http://matchhistory.na.leagueoflegends.com/en/#match-details/ESPORTSTMNT01/2250342?gameHash=4c7153067dd95838,LCK,2021,,0,2021-09-02 07:52:07,1.0,11.16,6,Red,top,Morgan,oe:player:f73dde2d8c7879ae8d1fcdc03c4ffeb,Hanwha Life Esports,oe:team:3a1d18f46bcb3716ebcfcf4ef068934,Gnar,Ryze,Jayce,Viego,Kalista,Ashe,,,,,,2211,0,1,6,1,4,20,0.0,0.0,0.0,0.0,0.0,0.0,0.0,1.0,0.1085,0.6513,,,,,,,,,,,,,,,,,,,,,0.0,0.0,,,,,,,,,,0.0,0.0,10567.0,286.7571,0.159596,716.8792,385.6174,15.0,0.4071,11.0,0.2985,12.0,44.0,1.194,11603,6816.0,184.9661,0.211028,11025.0,,,273.0,253.0,20.0,,,7.4084,2869.0,4595.0,70.0,3679.0,4850.0,88.0,-810.0,-255.0,-18.0,0.0,0.0,1.0,0.0,1.0,0.0,4318.0,7363.0,117.0,6450.0,8000.0,138.0,-2132.0,-637.0,-21.0,0.0,0.0,2.0,1.0,1.0,0.0,5691.0,8950.0,147.0,8456.0,10885.0,188.0,-2765.0,-1935.0,-41.0,0.0,1.0,4.0,1.0,2.0,0.0,7510.0,11173.0,180.0,10722.0,13203.0,221.0,-3212.0,-2030.0,-41.0,1.0,1.0,4.0,2.0,3.0,1.0
ESPORTSTMNT01_2250342,complete,http://matchhistory.na.leagueoflegends.com/en/#match-details/ESPORTSTMNT01/2250342?gameHash=4c7153067dd95838,LCK,2021,,0,2021-09-02 07:52:07,1.0,11.16,7,Red,jng,Willer,oe:player:baf26814ef7b2f10fac33a00c3d53a3,Hanwha Life Esports,oe:team:3a1d18f46bcb3716ebcfcf4ef068934,Xin Zhao,Ryze,Jayce,Viego,Kalista,Ashe,,,,,,2211,0,1,4,2,4,20,0.0,0.0,0.0,0.0,0.0,0.0,0.0,0.0,0.1085,0.6513,,,,,,,,,,,,,,,,,,,,,0.0,0.0,,,,,,,,,,0.0,0.0,5805.0,157.5305,0.0876743,831.7503,485.2103,20.0,0.5427,16.0,0.4342,18.0,64.0,1.7368,9518,4731.0,128.3853,0.146476,9350.0,,,183.0,35.0,148.0,,,4.9661,3246.0,3583.0,77.0,3532.0,3482.0,60.0,-286.0,101.0,17.0,0.0,0.0,0.0,1.0,0.0,0.0,4566.0,5596.0,110.0,5228.0,5967.0,95.0,-662.0,-371.0,15.0,0.0,0.0,0.0,1.0,0.0,0.0,6081.0,7160.0,134.0,6887.0,7857.0,112.0,-806.0,-697.0,22.0,1.0,0.0,1.0,2.0,2.0,0.0,7570.0,9402.0,161.0,8312.0,10119.0,140.0,-742.0,-717.0,21.0,1.0,2.0,2.0,2.0,3.0,1.0
ESPORTSTMNT01_2250342,complete,http://matchhistory.na.leagueoflegends.com/en/#match-details/ESPORTSTMNT01/2250342?gameHash=4c7153067dd95838,LCK,2021,,0,2021-09-02 07:52:07,1.0,11.16,8,Red,mid,Chovy,oe:player:fb6e61b8acb05df17b7e5ad4ae7c800,Hanwha Life Esports,oe:team:3a1d18f46bcb3716ebcfcf4ef068934,Azir,Ryze,Jayce,Viego,Kalista,Ashe,,,,,,2211,0,1,3,3,4,20,0.0,0.0,0.0,0.0,0.0,0.0,0.0,0.0,0.1085,0.6513,,,,,,,,,,,,,,,,,,,,,0.0,0.0,,,,,,,,,,0.0,2.0,19447.0,527.7341,0.293713,472.4288,317.6934,17.0,0.4613,13.0,0.3528,5.0,54.0,1.4654,14549,9762.0,264.9118,0.302237,13475.0,,,374.0,342.0,32.0,,,10.1493,3729.0,5166.0,105.0,3080.0,4971.0,78.0,649.0,195.0,27.0,0.0,0.0,0.0,0.0,0.0,0.0,5771.0,8143.0,164.0,4859.0,7954.0,132.0,912.0,189.0,32.0,0.0,0.0,0.0,0.0,0.0,0.0,7819.0,11011.0,221.0,7162.0,11197.0,176.0,657.0,-186.0,45.0,0.0,1.0,0.0,2.0,0.0,0.0,9838.0,13430.0,270.0,8935.0,13005.0,204.0,903.0,425.0,66.0,0.0,3.0,1.0,3.0,2.0,0.0
ESPORTSTMNT01_2250342,complete,http://matchhistory.na.leagueoflegends.com/en/#match-details/ESPORTSTMNT01/2250342?gameHash=4c7153067dd95838,LCK,2021,,0,2021-09-02 07:52:07,1.0,11.16,9,Red,bot,Deft,oe:player:c588a2d07b69ca4ba61c96aebd3f793,Hanwha Life Esports,oe:team:3a1d18f46bcb3716ebcfcf4ef068934,Varus,Ryze,Jayce,Viego,Kalista,Ashe,,,,,,2211,0,1,4,3,4,20,0.0,0.0,0.0,0.0,0.0,0.0,0.0,0.0,0.1085,0.6513,,,,,,,,,,,,,,,,,,,,,0.0,1.0,,,,,,,,,,0.0,1.0,24968.0,677.5577,0.377097,335.9566,162.2524,17.0,0.4613,9.0,0.2442,6.0,46.0,1.2483,13353,8566.0,232.4559,0.265209,12350.0,,,321.0,307.0,14.0,,,8.711,3264.0,3247.0,89.0,3181.0,3233.0,86.0,83.0,14.0,3.0,0.0,0.0,0.0,0.0,0.0,0.0,5048.0,5353.0,143.0,4887.0,5218.0,135.0,161.0,135.0,8.0,0.0,0.0,0.0,0.0,0.0,0.0,6572.0,7238.0,180.0,7333.0,8057.0,196.0,-761.0,-819.0,-16.0,0.0,1.0,1.0,1.0,1.0,0.0,8803.0,9247.0,220.0,9643.0,10510.0,251.0,-840.0,-1263.0,-31.0,1.0,2.0,1.0,2.0,2.0,0.0
ESPORTSTMNT01_2250342,complete,http://matchhistory.na.leagueoflegends.com/en/#match-details/ESPORTSTMNT01/2250342?gameHash=4c7153067dd95838,LCK,2021,,0,2021-09-02 07:52:07,1.0,11.16,10,Red,sup,Vsta,oe:player:16c1637b4b44b008b4d6627f68ae30a,Hanwha Life Esports,oe:team:3a1d18f46bcb3716ebcfcf4ef068934,Karma,Ryze,Jayce,Viego,Kalista,Ashe,,,,,,2211,0,0,3,4,4,20,0.0,0.0,0.0,0.0,0.0,0.0,0.0,0.0,0.1085,0.6513,,,,,,,,,,,,,,,,,,,,,0.0,0.0,,,,,,,,,,0.0,0.0,5424.0,147.1913,0.0819199,248.3039,139.5115,50.0,1.3569,17.0,0.4613,17.0,93.0,2.5237,7211,2424.0,65.7802,0.0750503,7125.0,,,27.0,27.0,0.0,,,0.7327,2012.0,2288.0,4.0,2062.0,2088.0,14.0,-50.0,200.0,-10.0,0.0,0.0,0.0,0.0,0.0,0.0,3047.0,3863.0,6.0,3195.0,3374.0,22.0,-148.0,489.0,-16.0,0.0,0.0,0.0,0.0,0.0,0.0,4146.0,5384.0,15.0,4259.0,5096.0,27.0,-113.0,288.0,-12.0,0.0,1.0,0.0,0.0,2.0,1.0,5176.0,7191.0,19.0,5159.0,6714.0,28.0,17.0,477.0,-9.0,0.0,3.0,1.0,0.0,4.0,1.0
ESPORTSTMNT01_2250342,complete,http://matchhistory.na.leagueoflegends.com/en/#match-details/ESPORTSTMNT01/2250342?gameHash=4c7153067dd95838,LCK,2021,,0,2021-09-02 07:52:07,1.0,11.16,100,Blue,team,,,T1,oe:team:ce499dea30cfce118f4fe85da0227e8,,Renekton,Camille,LeBlanc,Leona,Braum,Lee Sin,Kennen,Kassadin,Aphelios,Thresh,2211,1,20,4,34,20,4,2.0,0.0,0.0,0.0,1.0,,,,0.5427,0.6513,0.0,4.0,2.0,4.0,2.0,0.0,4.0,0.0,0.0,0.0,0.0,,0.0,0.0,1.0,2.0,0.0,,,1.0,1.0,0.0,,,1.0,11.0,1.0,1.0,1.0,5.0,3.0,3.0,0.0,69489.0,1885.7259,,2568.5482,2557.2049,135.0,3.6635,59.0,1.6011,58.0,281.0,7.6255,69248,45313.0,1229.6608,,66280.0,0.21663,2.2,,962.0,243.0,,,32.7001,15534.0,18624.0,326.0,15120.0,18879.0,345.0,414.0,-255.0,-19.0,1.0,1.0,0.0,0.0,0.0,1.0,24619.0,30513.0,522.0,22750.0,30318.0,540.0,1869.0,195.0,-18.0,2.0,1.0,0.0,0.0,0.0,2.0,34097.0,43092.0,699.0,30309.0,39743.0,697.0,3788.0,3349.0,2.0,6.0,7.0,1.0,1.0,4.0,6.0,42771.0,53551.0,844.0,38897.0,50443.0,850.0,3874.0,3108.0,-6.0,9.0,14.0,3.0,3.0,11.0,9.0
ESPORTSTMNT01_2250342,complete,http://matchhistory.na.leagueoflegends.com/en/#match-details/ESPORTSTMNT01/2250342?gameHash=4c7153067dd95838,LCK,2021,,0,2021-09-02 07:52:07,1.0,11.16,200,Red,team,,,Hanwha Life Esports,oe:team:3a1d18f46bcb3716ebcfcf4ef068934,,Ryze,Jayce,Viego,Kalista,Ashe,Azir,Varus,Gnar,Xin Zhao,Karma,2211,0,4,20,13,4,20,0.0,0.0,0.0,0.0,0.0,,,,0.1085,0.6513,1.0,2.0,4.0,2.0,4.0,1.0,0.0,1.0,0.0,0.0,0.0,,0.0,0.0,0.0,0.0,2.0,,,0.0,0.0,1.0,,,0.0,1.0,11.0,0.0,0.0,3.0,5.0,0.0,3.0,66211.0,1796.7707,,2605.3189,1490.2849,119.0,3.2293,66.0,1.791,58.0,301.0,8.1682,56234,32299.0,876.4993,,53325.0,-0.21663,-2.2,,964.0,214.0,,,31.9674,15120.0,18879.0,345.0,15534.0,18624.0,326.0,-414.0,255.0,19.0,0.0,0.0,1.0,1.0,1.0,0.0,22750.0,30318.0,540.0,24619.0,30513.0,522.0,-1869.0,-195.0,18.0,0.0,0.0,2.0,2.0,1.0,0.0,30309.0,39743.0,697.0,34097.0,43092.0,699.0,-3788.0,-3349.0,-2.0,1.0,4.0,6.0,6.0,7.0,1.0,38897.0,50443.0,850.0,42771.0,53551.0,844.0,-3874.0,-3108.0,6.0,3.0,11.0,9.0,9.0,14.0,3.0
ESPORTSTMNT01_2250343,complete,http://matchhistory.na.leagueoflegends.com/en/#match-details/ESPORTSTMNT01/2250343?gameHash=b447f5b8218d4a3b,LCK,2021,,0,2021-09-02 08:41:36,2.0,11.16,1,Blue,top,Canna,oe:player:7577c239c73fa5f3011cd7b5503e75e,T1,oe:team:ce499dea30cfce118f4fe85da0227e8,Kennen,LeBlanc,Camille,Renekton,Varus,Leona,,,,,,2037,1,2,0,5,12,4,0.0,0.0,0.0,0.0,0.0,0.0,0.0,0.0,0.3535,0.4713,,,,,,,,,,,,,,,,,,,,,0.0,0.0,,,,,,,,,,0.0,0.0,13349.0,393.1959,0.224829,326.7747,211.5464,11.0,0.324,9.0,0.2651,6.0,40.0,1.1782,13788,9356.0,275.5817,0.221984,12650.0,,,273.0,243.0,30.0,,,8.0412,3166.0,4648.0,76.0,2828.0,4585.0,67.0,338.0,63.0,9.0,0.0,0.0,0.0,0.0,0.0,0.0,5395.0,7386.0,119.0,4387.0,7165.0,112.0,1008.0,221.0,7.0,0.0,0.0,0.0,0.0,0.0,0.0,7574.0,10265.0,169.0,6307.0,9674.0,160.0,1267.0,591.0,9.0,0.0,0.0,0.0,0.0,0.0,1.0,9588.0,12601.0,209.0,7993.0,12172.0,207.0,1595.0,429.0,2.0,1.0,1.0,0.0,0.0,0.0,1.0
ESPORTSTMNT01_2250343,complete,http://matchhistory.na.leagueoflegends.com/en/#match-details/ESPORTSTMNT01/2250343?gameHash=b447f5b8218d4a3b,LCK,2021,,0,2021-09-02 08:41:36,2.0,11.16,2,Blue,jng,Oner,oe:player:f8b68f268106124fc4bc1c946adc9b0,T1,oe:team:ce499dea30cfce118f4fe85da0227e8,Xin Zhao,LeBlanc,Camille,Renekton,Varus,Leona,,,,,,2037,1,4,1,4,12,4,0.0,0.0,0.0,0.0,0.0,0.0,0.0,0.0,0.3535,0.4713,,,,,,,,,,,,,,,,,,,,,1.0,0.0,,,,,,,,,,0.0,0.0,12621.0,371.7526,0.212568,929.7202,687.187,12.0,0.3535,15.0,0.4418,10.0,50.0,1.4728,12449,8017.0,236.1414,0.190216,11250.0,,,207.0,40.0,167.0,,,6.0972,3068.0,3629.0,66.0,2925.0,3031.0,56.0,143.0,598.0,10.0,0.0,0.0,0.0,0.0,0.0,0.0,4895.0,5738.0,100.0,4566.0,5748.0,102.0,329.0,-10.0,-2.0,0.0,1.0,1.0,0.0,0.0,0.0,6766.0,8848.0,135.0,6273.0,8045.0,136.0,493.0,803.0,-1.0,1.0,1.0,1.0,0.0,0.0,0.0,8187.0,10686.0,161.0,7620.0,10213.0,168.0,567.0,473.0,-7.0,1.0,1.0,1.0,0.0,0.0,0.0
ESPORTSTMNT01_2250343,complete,http://matchhistory.na.leagueoflegends.com/en/#match-details/ESPORTSTMNT01/2250343?gameHash=b447f5b8218d4a3b,LCK,2021,,0,2021-09-02 08:41:36,2.0,11.16,3,Blue,mid,Faker,oe:player:e1edfc5cea461399a63cb813cf795cc,T1,oe:team:ce499dea30cfce118f4fe85da0227e8,Azir,LeBlanc,Camille,Renekton,Varus,Leona,,,,,,2037,1,2,3,6,12,4,0.0,0.0,0.0,0.0,0.0,0.0,0.0,1.0,0.3535,0.4713,,,,,,,,,,,,,,,,,,,,,0.0,0.0,,,,,,,,,,1.0,0.0,13138.0,386.9809,0.221275,337.673,194.757,18.0,0.5302,12.0,0.3535,7.0,56.0,1.6495,13609,9177.0,270.3093,0.217737,12375.0,,,315.0,283.0,32.0,,,9.2784,3258.0,4655.0,88.0,4075.0,5729.0,108.0,-817.0,-1074.0,-20.0,0.0,0.0,1.0,1.0,0.0,0.0,5234.0,7090.0,133.0,6374.0,8505.0,151.0,-1140.0,-1415.0,-18.0,1.0,0.0,2.0,3.0,0.0,1.0,7052.0,9470.0,184.0,8582.0,11536.0,212.0,-1530.0,-2066.0,-28.0,1.0,0.0,2.0,3.0,0.0,1.0,8923.0,12264.0,234.0,9990.0,13447.0,240.0,-1067.0,-1183.0,-6.0,1.0,2.0,3.0,3.0,1.0,2.0
ESPORTSTMNT01_2250343,complete,http://matchhistory.na.leagueoflegends.com/en/#match-details/ESPORTSTMNT01/2250343?gameHash=b447f5b8218d4a3b,LCK,2021,,0,2021-09-02 08:41:36,2.0,11.16,4,Blue,bot,,,T1,oe:team:ce499dea30cfce118f4fe85da0227e8,Jinx,LeBlanc,Camille,Renekton,Varus,Leona,,,,,,2037,1,4,0,6,12,4,1.0,1.0,0.0,0.0,0.0,0.0,0.0,0.0,0.3535,0.4713,,,,,,,,,,,,,,,,,,,,,0.0,0.0,,,,,,,,,,0.0,0.0,17208.0,506.863,0.289824,343.1811,159.0869,16.0,0.4713,16.0,0.4713,6.0,49.0,1.4433,16393,11961.0,352.3122,0.283789,13800.0,,,389.0,352.0,37.0,,,11.458,3342.0,3280.0,90.0,3310.0,3180.0,90.0,32.0,100.0,0.0,0.0,0.0,0.0,0.0,0.0,0.0,5244.0,6089.0,148.0,5432.0,6080.0,146.0,-188.0,9.0,2.0,0.0,0.0,0.0,0.0,0.0,0.0,7331.0,8746.0,209.0,7385.0,8376.0,196.0,-54.0,370.0,13.0,0.0,0.0,0.0,0.0,0.0,0.0,10095.0,11708.0,271.0,9534.0,10480.0,246.0,561.0,1228.0,25.0,1.0,1.0,0.0,1.0,0.0,1.0
ESPORTSTMNT01_2250343,complete,http://matchhistory.na.leagueoflegends.com/en/#match-details/ESPORTSTMNT01/2250343?gameHash=b447f5b8218d4a3b,LCK,2021,,0,2021-09-02 08:41:36,2.0,11.16,5,Blue,sup,Keria,oe:player:db79ce6ad35451c938fbe2995dabd37,T1,oe:team:ce499dea30cfce118f4fe85da0227e8,Braum,LeBlanc,Camille,Renekton,Varus,Leona,,,,,,2037,1,0,0,10,12,4,0.0,0.0,0.0,0.0,0.0,0.0,0.0,0.0,0.3535,0.4713,,,,,,,,,,,,,,,,,,,,,0.0,0.0,,,,,,,,,,0.0,0.0,3058.0,90.0736,0.051504,422.2386,294.0795,68.0,2.0029,9.0,0.2651,25.0,89.0,2.6215,8068,3636.0,107.0987,0.0862745,6925.0,,,34.0,34.0,0.0,,,1.0015,2107.0,2469.0,13.0,2210.0,2638.0,1.0,-103.0,-169.0,12.0,0.0,0.0,0.0,0.0,0.0,0.0,3400.0,3549.0,24.0,3517.0,4247.0,7.0,-117.0,-698.0,17.0,0.0,1.0,0.0,0.0,1.0,0.0,4279.0,5099.0,32.0,4646.0,5670.0,12.0,-367.0,-571.0,20.0,0.0,1.0,0.0,0.0,1.0,0.0,5304.0,6950.0,33.0,5527.0,7277.0,16.0,-223.0,-327.0,17.0,0.0,3.0,0.0,0.0,2.0,0.0
ESPORTSTMNT01_2250343,complete,http://matchhistory.na.leagueoflegends.com/en/#match-details/ESPORTSTMNT01/2250343?gameHash=b447f5b8218d4a3b,LCK,2021,,0,2021-09-02 08:41:36,2.0,11.16,6,Red,top,Morgan,oe:player:f73dde2d8c7879ae8d1fcdc03c4ffeb,Hanwha Life Esports,oe:team:3a1d18f46bcb3716ebcfcf4ef068934,Gnar,Ryze,Jayce,Lee Sin,Kalista,Ashe,,,,,,2037,0,0,2,0,4,12,0.0,0.0,0.0,0.0,0.0,0.0,0.0,0.0,0.1178,0.4713,,,,,,,,,,,,,,,,,,,,,0.0,0.0,,,,,,,,,,0.0,0.0,9251.0,272.489,0.190585,559.1753,395.7879,12.0,0.3535,10.0,0.2946,10.0,33.0,0.972,10909,6477.0,190.7806,0.210401,10950.0,,,269.0,264.0,5.0,,,7.9234,2828.0,4585.0,67.0,3166.0,4648.0,76.0,-338.0,-63.0,-9.0,0.0,0.0,0.0,0.0,0.0,0.0,4387.0,7165.0,112.0,5395.0,7386.0,119.0,-1008.0,-221.0,-7.0,0.0,0.0,0.0,0.0,0.0,0.0,6307.0,9674.0,160.0,7574.0,10265.0,169.0,-1267.0,-591.0,-9.0,0.0,0.0,1.0,0.0,0.0,0.0,7993.0,12172.0,207.0,9588.0,12601.0,209.0,-1595.0,-429.0,-2.0,0.0,0.0,1.0,1.0,1.0,0.0
ESPORTSTMNT01_2250343,complete,http://matchhistory.na.leagueoflegends.com/en/#match-details/ESPORTSTMNT01/2250343?gameHash=b447f5b8218d4a3b,LCK,2021,,0,2021-09-02 08:41:36,2.0,11.16,7,Red,jng,Willer,oe:player:baf26814ef7b2f10fac33a00c3d53a3,Hanwha Life Esports,oe:team:3a1d18f46bcb3716ebcfcf4ef068934,Viego,Ryze,Jayce,Lee Sin,Kalista,Ashe,,,,,,2037,0,0,1,0,4,12,0.0,0.0,0.0,0.0,0.0,0.0,0.0,0.0,0.1178,0.4713,,,,,,,,,,,,,,,,,,,,,0.0,1.0,,,,,,,,,,0.0,0.0,3672.0,108.1591,0.0756489,831.9293,546.6568,19.0,0.5596,12.0,0.3535,18.0,53.0,1.5611,9604,5172.0,152.3417,0.168011,9700.0,,,200.0,37.0,163.0,,,5.891,2925.0,3031.0,56.0,3068.0,3629.0,66.0,-143.0,-598.0,-10.0,0.0,0.0,0.0,0.0,0.0,0.0,4566.0,5748.0,102.0,4895.0,5738.0,100.0,-329.0,10.0,2.0,0.0,0.0,0.0,0.0,1.0,1.0,6273.0,8045.0,136.0,6766.0,8848.0,135.0,-493.0,-803.0,1.0,0.0,0.0,0.0,1.0,1.0,1.0,7620.0,10213.0,168.0,8187.0,10686.0,161.0,-567.0,-473.0,7.0,0.0,0.0,0.0,1.0,1.0,1.0
ESPORTSTMNT01_2250343,complete,http://matchhistory.na.leagueoflegends.com/en/#match-details/ESPORTSTMNT01/2250343?gameHash=b447f5b8218d4a3b,LCK,2021,,0,2021-09-02 08:41:36,2.0,11.16,8,Red,mid,Chovy,oe:player:fb6e61b8acb05df17b7e5ad4ae7c800,Hanwha Life Esports,oe:team:3a1d18f46bcb3716ebcfcf4ef068934,Orianna,Ryze,Jayce,Lee Sin,Kalista,Ashe,,,,,,2037,0,3,4,1,4,12,0.0,0.0,0.0,0.0,1.0,1.0,0.0,0.0,0.1178,0.4713,,,,,,,,,,,,,,,,,,,,,0.0,0.0,,,,,,,,,,0.0,1.0,19788.0,582.8571,0.407664,466.0383,256.4948,15.0,0.4418,7.0,0.2062,5.0,48.0,1.4138,12550,8118.0,239.1163,0.263705,12625.0,,,294.0,282.0,12.0,,,8.6598,4075.0,5729.0,108.0,3258.0,4655.0,88.0,817.0,1074.0,20.0,1.0,0.0,0.0,0.0,0.0,1.0,6374.0,8505.0,151.0,5234.0,7090.0,133.0,1140.0,1415.0,18.0,3.0,0.0,1.0,1.0,0.0,2.0,8582.0,11536.0,212.0,7052.0,9470.0,184.0,1530.0,2066.0,28.0,3.0,0.0,1.0,1.0,0.0,2.0,9990.0,13447.0,240.0,8923.0,12264.0,234.0,1067.0,1183.0,6.0,3.0,1.0,2.0,1.0,2.0,3.0
ESPORTSTMNT01_2250343,complete,http://matchhistory.na.leagueoflegends.com/en/#match-details/ESPORTSTMNT01/2250343?gameHash=b447f5b8218d4a3b,LCK,2021,,0,2021-09-02 08:41:36,2.0,11.16,9,Red,bot,Deft,oe:player:c588a2d07b69ca4ba61c96aebd3f793,Hanwha Life Esports,oe:team:3a1d18f46bcb3716ebcfcf4ef068934,Aphelios,Ryze,Jayce,Lee Sin,Kalista,Ashe,,,,,,2037,0,1,3,0,4,12,0.0,0.0,0.0,0.0,0.0,0.0,0.0,0.0,0.1178,0.4713,,,,,,,,,,,,,,,,,,,,,0.0,0.0,,,,,,,,,,0.0,0.0,10971.0,323.1517,0.22602,396.5832,383.9764,18.0,0.5302,14.0,0.4124,8.0,50.0,1.4728,13031,8599.0,253.2842,0.279329,11800.0,,,330.0,326.0,4.0,,,9.7202,3310.0,3180.0,90.0,3342.0,3280.0,90.0,-32.0,-100.0,0.0,0.0,0.0,0.0,0.0,0.0,0.0,5432.0,6080.0,146.0,5244.0,6089.0,148.0,188.0,-9.0,-2.0,0.0,0.0,0.0,0.0,0.0,0.0,7385.0,8376.0,196.0,7331.0,8746.0,209.0,54.0,-370.0,-13.0,0.0,0.0,0.0,0.0,0.0,0.0,9534.0,10480.0,246.0,10095.0,11708.0,271.0,-561.0,-1228.0,-25.0,1.0,0.0,1.0,1.0,1.0,0.0
ESPORTSTMNT01_2250343,complete,http://matchhistory.na.leagueoflegends.com/en/#match-details/ESPORTSTMNT01/2250343?gameHash=b447f5b8218d4a3b,LCK,2021,,0,2021-09-02 08:41:36,2.0,11.16,10,Red,sup,Vsta,oe:player:16c1637b4b44b008b4d6627f68ae30a,Hanwha Life Esports,oe:team:3a1d18f46bcb3716ebcfcf4ef068934,Zilean,Ryze,Jayce,Lee Sin,Kalista,Ashe,,,,,,2037,0,0,2,2,4,12,0.0,0.0,0.0,0.0,0.0,0.0,0.0,0.0,0.1178,0.4713,,,,,,,,,,,,,,,,,,,,,0.0,0.0,,,,,,,,,,0.0,0.0,4858.0,143.0928,0.100082,212.3122,99.7938,51.0,1.5022,13.0,0.3829,15.0,98.0,2.8866,6850,2418.0,71.2224,0.0785546,6460.0,,,18.0,18.0,0.0,,,0.5302,2210.0,2638.0,1.0,2107.0,2469.0,13.0,103.0,169.0,-12.0,0.0,0.0,0.0,0.0,0.0,0.0,3517.0,4247.0,7.0,3400.0,3549.0,24.0,117.0,698.0,-17.0,0.0,1.0,0.0,0.0,1.0,0.0,4646.0,5670.0,12.0,4279.0,5099.0,32.0,367.0,571.0,-20.0,0.0,1.0,0.0,0.0,1.0,0.0,5527.0,7277.0,16.0,5304.0,6950.0,33.0,223.0,327.0,-17.0,0.0,2.0,0.0,0.0,3.0,0.0
ESPORTSTMNT01_2250343,complete,http://matchhistory.na.leagueoflegends.com/en/#match-details/ESPORTSTMNT01/2250343?gameHash=b447f5b8218d4a3b,LCK,2021,,0,2021-09-02 08:41:36,2.0,11.16,100,Blue,team,,,T1,oe:team:ce499dea30cfce118f4fe85da0227e8,,LeBlanc,Camille,Renekton,Varus,Leona,Kennen,Xin Zhao,Azir,Jinx,Braum,2037,1,12,4,31,12,4,1.0,1.0,0.0,0.0,0.0,,,,0.3535,0.4713,0.0,2.0,2.0,2.0,2.0,2.0,0.0,0.0,0.0,0.0,0.0,,0.0,0.0,1.0,1.0,1.0,,,1.0,1.0,0.0,,,1.0,9.0,3.0,0.0,0.0,5.0,2.0,1.0,0.0,59374.0,1748.866,,2359.5876,1546.6568,125.0,3.6819,61.0,1.7968,54.0,284.0,8.3652,64307,42149.0,1241.5022,,57000.0,0.100705,0.82,,952.0,266.0,,,35.8763,14941.0,18681.0,333.0,15348.0,19163.0,322.0,-407.0,-482.0,11.0,0.0,0.0,1.0,1.0,0.0,0.0,24168.0,29852.0,524.0,24276.0,31745.0,518.0,-108.0,-1893.0,6.0,1.0,2.0,3.0,3.0,1.0,1.0,33002.0,42428.0,729.0,33193.0,43301.0,716.0,-191.0,-873.0,13.0,2.0,2.0,3.0,3.0,1.0,2.0,42097.0,54209.0,908.0,40664.0,53589.0,877.0,1433.0,620.0,31.0,4.0,8.0,4.0,4.0,3.0,4.0
ESPORTSTMNT01_2250343,complete,http://matchhistory.na.leagueoflegends.com/en/#match-details/ESPORTSTMNT01/2250343?gameHash=b447f5b8218d4a3b,LCK,2021,,0,2021-09-02 08:41:36,2.0,11.16,200,Red,team,,,Hanwha Life Esports,oe:team:3a1d18f46bcb3716ebcfcf4ef068934,,Ryze,Jayce,Lee Sin,Kalista,Ashe,Viego,Gnar,Orianna,Aphelios,Zilean,2037,0,4,12,3,4,12,0.0,0.0,0.0,0.0,1.0,,,,0.1178,0.4713,1.0,2.0,2.0,2.0,2.0,0.0,1.0,0.0,1.0,0.0,0.0,,0.0,0.0,0.0,1.0,1.0,,,0.0,0.0,1.0,,,0.0,3.0,9.0,1.0,1.0,2.0,5.0,0.0,1.0,48540.0,1429.7496,,2466.0383,1682.7099,115.0,3.3873,56.0,1.6495,56.0,282.0,8.3063,52944,30786.0,906.8041,,51535.0,-0.100705,-0.82,,927.0,184.0,,,32.7246,15348.0,19163.0,322.0,14941.0,18681.0,333.0,407.0,482.0,-11.0,1.0,0.0,0.0,0.0,0.0,1.0,24276.0,31745.0,518.0,24168.0,29852.0,524.0,108.0,1893.0,-6.0,3.0,1.0,1.0,1.0,2.0,3.0,33193.0,43301.0,716.0,33002.0,42428.0,729.0,191.0,873.0,-13.0,3.0,1.0,2.0,2.0,2.0,3.0,40664.0,53589.0,877.0,42097.0,54209.0,908.0,-1433.0,-620.0,-31.0,4.0,3.0,4.0,4.0,8.0,4.0
ESPORTSTMNT01_2250344,complete,http://matchhistory.na.leagueoflegends.com/en/#match-details/ESPORTSTMNT01/2250344?gameHash=c4cf9f4a199d4c0d,LCK,2021,,0,2021-09-02 09:35:53,3.0,11.16,1,Blue,top,Canna,oe:player:7577c239c73fa5f3011cd7b5503e75e,T1,oe:team:ce499dea30cfce118f4fe85da0227e8,Kennen,Renekton,Camille,LeBlanc,Ashe,Thresh,,,,,,1993,0,4,6,0,9,19,0.0,0.0,0.0,0.0,0.0,0.0,0.0,1.0,0.2709,0.843,,,,,,,,,,,,,,,,,,,,,0.0,0.0,,,,,,,,,,0.0,1.0,19437.0,585.1581,0.344316,548.8811,362.7998,10.0,0.3011,8.0,0.2408,7.0,33.0,0.9935,12912,8570.0,258.003,0.257667,12455.0,,,261.0,232.0,29.0,,,7.8575,3879.0,4774.0,76.0,3310.0,4493.0,81.0,569.0,281.0,-5.0,2.0,0.0,1.0,0.0,1.0,2.0,6428.0,8044.0,128.0,5111.0,7287.0,133.0,1317.0,757.0,-5.0,3.0,0.0,2.0,0.0,1.0,3.0,8378.0,10207.0,168.0,7144.0,9628.0,175.0,1234.0,579.0,-7.0,3.0,0.0,3.0,1.0,1.0,3.0,10913.0,13936.0,227.0,8939.0,12058.0,228.0,1974.0,1878.0,-1.0,4.0,0.0,3.0,1.0,1.0,4.0
ESPORTSTMNT01_2250344,complete,http://matchhistory.na.leagueoflegends.com/en/#match-details/ESPORTSTMNT01/2250344?gameHash=c4cf9f4a199d4c0d,LCK,2021,,0,2021-09-02 09:35:53,3.0,11.16,2,Blue,jng,Oner,oe:player:f8b68f268106124fc4bc1c946adc9b0,T1,oe:team:ce499dea30cfce118f4fe85da0227e8,Xin Zhao,Renekton,Camille,LeBlanc,Ashe,Thresh,,,,,,1993,0,1,4,2,9,19,0.0,0.0,0.0,0.0,0.0,0.0,0.0,0.0,0.2709,0.843,,,,,,,,,,,,,,,,,,,,,0.0,1.0,,,,,,,,,,0.0,0.0,7835.0,235.8756,0.138793,848.9714,685.6498,8.0,0.2408,18.0,0.5419,7.0,44.0,1.3246,9066,4724.0,142.2178,0.142033,9025.0,,,150.0,39.0,111.0,,,4.5158,3095.0,3603.0,68.0,3080.0,3523.0,65.0,15.0,80.0,3.0,0.0,0.0,0.0,0.0,1.0,1.0,5263.0,5333.0,96.0,4746.0,5310.0,91.0,517.0,23.0,5.0,1.0,1.0,1.0,1.0,1.0,2.0,6447.0,6742.0,118.0,7736.0,8044.0,131.0,-1289.0,-1302.0,-13.0,1.0,1.0,1.0,3.0,3.0,2.0,7578.0,8753.0,139.0,9124.0,9949.0,162.0,-1546.0,-1196.0,-23.0,1.0,1.0,1.0,3.0,3.0,2.0
ESPORTSTMNT01_2250344,complete,http://matchhistory.na.leagueoflegends.com/en/#match-details/ESPORTSTMNT01/2250344?gameHash=c4cf9f4a199d4c0d,LCK,2021,,0,2021-09-02 09:35:53,3.0,11.16,3,Blue,mid,Faker,oe:player:e1edfc5cea461399a63cb813cf795cc,T1,oe:team:ce499dea30cfce118f4fe85da0227e8,Azir,Renekton,Camille,LeBlanc,Ashe,Thresh,,,,,,1993,0,1,1,1,9,19,0.0,0.0,0.0,0.0,0.0,0.0,0.0,0.0,0.2709,0.843,,,,,,,,,,,,,,,,,,,,,0.0,0.0,,,,,,,,,,0.0,0.0,10795.0,324.9875,0.191228,329.1119,179.6387,19.0,0.572,9.0,0.2709,9.0,40.0,1.2042,11867,7525.0,226.5429,0.226248,11555.0,,,293.0,277.0,16.0,,,8.8209,3412.0,4906.0,91.0,4024.0,4939.0,98.0,-612.0,-33.0,-7.0,0.0,1.0,0.0,1.0,0.0,0.0,5425.0,7725.0,145.0,6696.0,8237.0,157.0,-1271.0,-512.0,-12.0,0.0,1.0,0.0,2.0,1.0,0.0,6790.0,9166.0,176.0,9093.0,11211.0,201.0,-2303.0,-2045.0,-25.0,0.0,1.0,0.0,3.0,2.0,0.0,8542.0,11496.0,219.0,11301.0,14230.0,257.0,-2759.0,-2734.0,-38.0,0.0,1.0,0.0,3.0,2.0,0.0
ESPORTSTMNT01_2250344,complete,http://matchhistory.na.leagueoflegends.com/en/#match-details/ESPORTSTMNT01/2250344?gameHash=c4cf9f4a199d4c0d,LCK,2021,,0,2021-09-02 09:35:53,3.0,11.16,4,Blue,bot,,,T1,oe:team:ce499dea30cfce118f4fe85da0227e8,Ezreal,Renekton,Camille,LeBlanc,Ashe,Thresh,,,,,,1993,0,3,3,1,9,19,1.0,0.0,0.0,0.0,0.0,0.0,0.0,0.0,0.2709,0.843,,,,,,,,,,,,,,,,,,,,,0.0,0.0,,,,,,,,,,0.0,0.0,14319.0,431.0788,0.253654,428.9413,217.9328,15.0,0.4516,9.0,0.2709,8.0,32.0,0.9634,14154,9812.0,295.3939,0.295009,13700.0,,,340.0,320.0,20.0,,,10.2358,3788.0,3816.0,86.0,3524.0,3980.0,91.0,264.0,-164.0,-5.0,2.0,0.0,0.0,0.0,1.0,1.0,6633.0,5993.0,139.0,5000.0,5890.0,129.0,1633.0,103.0,10.0,3.0,1.0,0.0,0.0,1.0,2.0,8238.0,7878.0,180.0,7261.0,8511.0,185.0,977.0,-633.0,-5.0,3.0,1.0,1.0,0.0,3.0,2.0,10576.0,10416.0,253.0,9306.0,10868.0,238.0,1270.0,-452.0,15.0,3.0,1.0,1.0,0.0,3.0,2.0
ESPORTSTMNT01_2250344,complete,http://matchhistory.na.leagueoflegends.com/en/#match-details/ESPORTSTMNT01/2250344?gameHash=c4cf9f4a199d4c0d,LCK,2021,,0,2021-09-02 09:35:53,3.0,11.16,5,Blue,sup,Keria,oe:player:db79ce6ad35451c938fbe2995dabd37,T1,oe:team:ce499dea30cfce118f4fe85da0227e8,Leona,Renekton,Camille,LeBlanc,Ashe,Thresh,,,,,,1993,0,0,5,5,9,19,0.0,0.0,0.0,0.0,0.0,0.0,0.0,0.0,0.2709,0.843,,,,,,,,,,,,,,,,,,,,,0.0,0.0,,,,,,,,,,0.0,0.0,4065.0,122.3783,0.0720094,500.8931,658.7055,60.0,1.8063,7.0,0.2107,23.0,74.0,2.2278,6971,2629.0,79.147,0.079044,6725.0,,,32.0,32.0,0.0,,,0.9634,2360.0,2077.0,13.0,2389.0,2102.0,13.0,-29.0,-25.0,0.0,0.0,2.0,1.0,1.0,0.0,0.0,3741.0,3921.0,24.0,3486.0,3338.0,21.0,255.0,583.0,3.0,0.0,4.0,1.0,1.0,1.0,0.0,4683.0,4741.0,26.0,4901.0,5257.0,29.0,-218.0,-516.0,-3.0,0.0,4.0,3.0,1.0,4.0,0.0,5506.0,6314.0,29.0,5758.0,6366.0,32.0,-252.0,-52.0,-3.0,0.0,4.0,3.0,1.0,4.0,0.0
ESPORTSTMNT01_2250344,complete,http://matchhistory.na.leagueoflegends.com/en/#match-details/ESPORTSTMNT01/2250344?gameHash=c4cf9f4a199d4c0d,LCK,2021,,0,2021-09-02 09:35:53,3.0,11.16,6,Red,top,Morgan,oe:player:f73dde2d8c7879ae8d1fcdc03c4ffeb,Hanwha Life Esports,oe:team:3a1d18f46bcb3716ebcfcf4ef068934,Irelia,Ryze,Jayce,Lee Sin,Braum,Varus,,,,,,1993,1,1,4,7,19,9,0.0,0.0,0.0,0.0,1.0,0.0,1.0,0.0,0.572,0.843,,,,,,,,,,,,,,,,,,,,,0.0,0.0,,,,,,,,,,1.0,0.0,10337.0,311.1992,0.16549,704.5559,490.8078,14.0,0.4215,9.0,0.2709,9.0,43.0,1.2945,14092,9750.0,293.5273,0.213259,13075.0,,,309.0,279.0,30.0,,,9.3026,3310.0,4493.0,81.0,3879.0,4774.0,76.0,-569.0,-281.0,5.0,0.0,1.0,2.0,2.0,0.0,1.0,5111.0,7287.0,133.0,6428.0,8044.0,128.0,-1317.0,-757.0,5.0,0.0,1.0,3.0,3.0,0.0,2.0,7144.0,9628.0,175.0,8378.0,10207.0,168.0,-1234.0,-579.0,7.0,1.0,1.0,3.0,3.0,0.0,3.0,8939.0,12058.0,228.0,10913.0,13936.0,227.0,-1974.0,-1878.0,1.0,1.0,1.0,4.0,4.0,0.0,3.0
ESPORTSTMNT01_2250344,complete,http://matchhistory.na.leagueoflegends.com/en/#match-details/ESPORTSTMNT01/2250344?gameHash=c4cf9f4a199d4c0d,LCK,2021,,0,2021-09-02 09:35:53,3.0,11.16,7,Red,jng,Willer,oe:player:baf26814ef7b2f10fac33a00c3d53a3,Hanwha Life Esports,oe:team:3a1d18f46bcb3716ebcfcf4ef068934,Viego,Ryze,Jayce,Lee Sin,Braum,Varus,,,,,,1993,1,7,2,6,19,9,2.0,0.0,0.0,0.0,0.0,0.0,0.0,0.0,0.572,0.843,,,,,,,,,,,,,,,,,,,,,1.0,0.0,,,,,,,,,,0.0,0.0,10168.0,306.1114,0.162784,895.9659,569.2624,14.0,0.4215,17.0,0.5118,15.0,60.0,1.8063,14052,9710.0,292.3231,0.212384,12850.0,,,218.0,49.0,169.0,,,6.563,3080.0,3523.0,65.0,3095.0,3603.0,68.0,-15.0,-80.0,-3.0,0.0,1.0,1.0,0.0,0.0,0.0,4746.0,5310.0,91.0,5263.0,5333.0,96.0,-517.0,-23.0,-5.0,1.0,1.0,2.0,1.0,1.0,1.0,7736.0,8044.0,131.0,6447.0,6742.0,118.0,1289.0,1302.0,13.0,3.0,3.0,2.0,1.0,1.0,1.0,9124.0,9949.0,162.0,7578.0,8753.0,139.0,1546.0,1196.0,23.0,3.0,3.0,2.0,1.0,1.0,1.0
ESPORTSTMNT01_2250344,complete,http://matchhistory.na.leagueoflegends.com/en/#match-details/ESPORTSTMNT01/2250344?gameHash=c4cf9f4a199d4c0d,LCK,2021,,0,2021-09-02 09:35:53,3.0,11.16,8,Red,mid,Chovy,oe:player:fb6e61b8acb05df17b7e5ad4ae7c800,Hanwha Life Esports,oe:team:3a1d18f46bcb3716ebcfcf4ef068934,Sylas,Ryze,Jayce,Lee Sin,Braum,Varus,,,,,,1993,1,7,0,9,19,9,0.0,0.0,0.0,0.0,1.0,1.0,0.0,0.0,0.572,0.843,,,,,,,,,,,,,,,,,,,,,0.0,0.0,,,,,,,,,,0.0,0.0,25821.0,777.3507,0.413381,579.2574,447.4862,11.0,0.3312,17.0,0.5118,2.0,41.0,1.2343,17324,12982.0,390.8279,0.283952,16800.0,,,358.0,312.0,46.0,,,10.7777,4024.0,4939.0,98.0,3412.0,4906.0,91.0,612.0,33.0,7.0,1.0,0.0,0.0,0.0,1.0,0.0,6696.0,8237.0,157.0,5425.0,7725.0,145.0,1271.0,512.0,12.0,2.0,1.0,0.0,0.0,1.0,0.0,9093.0,11211.0,201.0,6790.0,9166.0,176.0,2303.0,2045.0,25.0,3.0,2.0,0.0,0.0,1.0,0.0,11301.0,14230.0,257.0,8542.0,11496.0,219.0,2759.0,2734.0,38.0,3.0,2.0,0.0,0.0,1.0,0.0
ESPORTSTMNT01_2250344,complete,http://matchhistory.na.leagueoflegends.com/en/#match-details/ESPORTSTMNT01/2250344?gameHash=c4cf9f4a199d4c0d,LCK,2021,,0,2021-09-02 09:35:53,3.0,11.16,9,Red,bot,Deft,oe:player:c588a2d07b69ca4ba61c96aebd3f793,Hanwha Life Esports,oe:team:3a1d18f46bcb3716ebcfcf4ef068934,Aphelios,Ryze,Jayce,Lee Sin,Braum,Varus,,,,,,1993,1,2,3,6,19,9,0.0,0.0,0.0,0.0,0.0,0.0,0.0,0.0,0.572,0.843,,,,,,,,,,,,,,,,,,,,,0.0,0.0,,,,,,,,,,0.0,0.0,11963.0,360.1505,0.191521,252.0421,289.5835,14.0,0.4215,10.0,0.3011,5.0,52.0,1.5655,13267,8925.0,268.6904,0.195214,12150.0,,,288.0,268.0,20.0,,,8.6703,3524.0,3980.0,91.0,3788.0,3816.0,86.0,-264.0,164.0,5.0,0.0,1.0,1.0,2.0,0.0,0.0,5000.0,5890.0,129.0,6633.0,5993.0,139.0,-1633.0,-103.0,-10.0,0.0,1.0,2.0,3.0,1.0,0.0,7261.0,8511.0,185.0,8238.0,7878.0,180.0,-977.0,633.0,5.0,0.0,3.0,2.0,3.0,1.0,1.0,9306.0,10868.0,238.0,10576.0,10416.0,253.0,-1270.0,452.0,-15.0,0.0,3.0,2.0,3.0,1.0,1.0
ESPORTSTMNT01_2250344,complete,http://matchhistory.na.leagueoflegends.com/en/#match-details/ESPORTSTMNT01/2250344?gameHash=c4cf9f4a199d4c0d,LCK,2021,,0,2021-09-02 09:35:53,3.0,11.16,10,Red,sup,Vsta,oe:player:16c1637b4b44b008b4d6627f68ae30a,Hanwha Life Esports,oe:team:3a1d18f46bcb3716ebcfcf4ef068934,Rakan,Ryze,Jayce,Lee Sin,Braum,Varus,,,,,,1993,1,2,0,12,19,9,0.0,0.0,0.0,0.0,0.0,0.0,0.0,0.0,0.572,0.843,,,,,,,,,,,,,,,,,,,,,0.0,0.0,,,,,,,,,,0.0,0.0,4174.0,125.6598,0.0668236,187.8876,239.9699,49.0,1.4752,14.0,0.4215,16.0,93.0,2.7998,8694,4352.0,131.0186,0.0951903,8050.0,,,34.0,34.0,0.0,,,1.0236,2389.0,2102.0,13.0,2360.0,2077.0,13.0,29.0,25.0,0.0,1.0,0.0,0.0,0.0,2.0,1.0,3486.0,3338.0,21.0,3741.0,3921.0,24.0,-255.0,-583.0,-3.0,1.0,1.0,0.0,0.0,4.0,1.0,4901.0,5257.0,29.0,4683.0,4741.0,26.0,218.0,516.0,3.0,1.0,4.0,0.0,0.0,4.0,3.0,5758.0,6366.0,32.0,5506.0,6314.0,29.0,252.0,52.0,3.0,1.0,4.0,0.0,0.0,4.0,3.0
ESPORTSTMNT01_2250344,complete,http://matchhistory.na.leagueoflegends.com/en/#match-details/ESPORTSTMNT01/2250344?gameHash=c4cf9f4a199d4c0d,LCK,2021,,0,2021-09-02 09:35:53,3.0,11.16,100,Blue,team,,,T1,oe:team:ce499dea30cfce118f4fe85da0227e8,,Renekton,Camille,LeBlanc,Ashe,Thresh,Kennen,Xin Zhao,Azir,Ezreal,Leona,1993,0,9,19,9,9,19,1.0,0.0,0.0,0.0,0.0,,,,0.2709,0.843,0.0,1.0,4.0,1.0,4.0,0.0,1.0,0.0,0.0,0.0,0.0,,0.0,0.0,1.0,2.0,0.0,,,0.0,0.0,1.0,,,1.0,3.0,10.0,0.0,0.0,9.0,3.0,0.0,1.0,56451.0,1699.4782,,2656.7988,2104.7265,112.0,3.3718,51.0,1.5354,54.0,223.0,6.7135,54970,33260.0,1001.3046,,53460.0,-0.16265,-0.79,,900.0,176.0,,,32.3934,16534.0,19176.0,334.0,16327.0,19037.0,348.0,207.0,139.0,-14.0,4.0,3.0,2.0,2.0,3.0,4.0,27490.0,31016.0,532.0,25039.0,30062.0,531.0,2451.0,954.0,1.0,7.0,7.0,4.0,4.0,5.0,7.0,34536.0,38734.0,668.0,36135.0,42651.0,721.0,-1599.0,-3917.0,-53.0,7.0,7.0,8.0,8.0,13.0,7.0,43115.0,50915.0,867.0,44428.0,53471.0,917.0,-1313.0,-2556.0,-50.0,8.0,7.0,8.0,8.0,13.0,8.0
ESPORTSTMNT01_2250344,complete,http://matchhistory.na.leagueoflegends.com/en/#match-details/ESPORTSTMNT01/2250344?gameHash=c4cf9f4a199d4c0d,LCK,2021,,0,2021-09-02 09:35:53,3.0,11.16,200,Red,team,,,Hanwha Life Esports,oe:team:3a1d18f46bcb3716ebcfcf4ef068934,,Ryze,Jayce,Lee Sin,Braum,Varus,Viego,Irelia,Sylas,Aphelios,Rakan,1993,1,19,9,40,19,9,2.0,0.0,0.0,0.0,1.0,,,,0.572,0.843,1.0,4.0,1.0,4.0,1.0,3.0,0.0,1.0,0.0,0.0,0.0,,0.0,0.0,0.0,0.0,2.0,,,1.0,1.0,0.0,,,0.0,10.0,3.0,1.0,1.0,3.0,9.0,1.0,0.0,62463.0,1880.4717,,2619.709,2037.1099,102.0,3.0707,67.0,2.0171,47.0,289.0,8.7005,67429,45719.0,1376.3874,,62925.0,0.16265,0.79,,942.0,265.0,,,36.3372,16327.0,19037.0,348.0,16534.0,19176.0,334.0,-207.0,-139.0,14.0,2.0,3.0,4.0,4.0,3.0,2.0,25039.0,30062.0,531.0,27490.0,31016.0,532.0,-2451.0,-954.0,-1.0,4.0,5.0,7.0,7.0,7.0,4.0,36135.0,42651.0,721.0,34536.0,38734.0,668.0,1599.0,3917.0,53.0,8.0,13.0,7.0,7.0,7.0,8.0,44428.0,53471.0,917.0,43115.0,50915.0,867.0,1313.0,2556.0,50.0,8.0,13.0,8.0,8.0,7.0,8.0
ESPORTSTMNT01_2250346,complete,http://matchhistory.na.leagueoflegends.com/en/#match-details/ESPORTSTMNT01/2250346?gameHash=ad683f15c1776a16,LCK,2021,,0,2021-09-02 10:30:09,4.0,11.16,1,Blue,top,Canna,oe:player:7577c239c73fa5f3011cd7b5503e75e,T1,oe:team:ce499dea30cfce118f4fe85da0227e8,Kennen,Camille,LeBlanc,Sylas,Ashe,Aphelios,,,,,,2208,0,4,5,4,11,20,0.0,0.0,0.0,0.0,0.0,0.0,0.0,0.0,0.2989,0.8424,,,,,,,,,,,,,,,,,,,,,0.0,0.0,,,,,,,,,,0.0,0.0,20465.0,556.1141,0.293048,605.625,393.1793,11.0,0.2989,9.0,0.2446,8.0,41.0,1.1141,13822,9042.0,245.7065,0.24673,13750.0,,,275.0,247.0,28.0,,,7.4728,3323.0,4482.0,90.0,2870.0,3859.0,68.0,453.0,623.0,22.0,0.0,0.0,0.0,0.0,0.0,0.0,4832.0,6475.0,122.0,4824.0,6838.0,115.0,8.0,-363.0,7.0,0.0,0.0,1.0,1.0,0.0,0.0,6582.0,8120.0,142.0,6409.0,9313.0,155.0,173.0,-1193.0,-13.0,2.0,0.0,1.0,1.0,0.0,1.0,9169.0,10934.0,182.0,8970.0,11861.0,198.0,199.0,-927.0,-16.0,3.0,1.0,2.0,3.0,0.0,2.0
ESPORTSTMNT01_2250346,complete,http://matchhistory.na.leagueoflegends.com/en/#match-details/ESPORTSTMNT01/2250346?gameHash=ad683f15c1776a16,LCK,2021,,0,2021-09-02 10:30:09,4.0,11.16,2,Blue,jng,Oner,oe:player:f8b68f268106124fc4bc1c946adc9b0,T1,oe:team:ce499dea30cfce118f4fe85da0227e8,Xin Zhao,Camille,LeBlanc,Sylas,Ashe,Aphelios,,,,,,2208,0,4,4,3,11,20,1.0,0.0,0.0,0.0,1.0,1.0,0.0,0.0,0.2989,0.8424,,,,,,,,,,,,,,,,,,,,,0.0,1.0,,,,,,,,,,0.0,1.0,11808.0,320.8696,0.169084,902.5,716.9293,9.0,0.2446,16.0,0.4348,7.0,53.0,1.4402,12051,7271.0,197.5815,0.198406,11925.0,,,188.0,61.0,127.0,,,5.1087,3352.0,3675.0,58.0,3002.0,3415.0,66.0,350.0,260.0,-8.0,1.0,0.0,0.0,0.0,0.0,1.0,5068.0,5601.0,90.0,4178.0,5287.0,93.0,890.0,314.0,-3.0,1.0,0.0,0.0,0.0,0.0,1.0,6443.0,7240.0,115.0,5917.0,7133.0,126.0,526.0,107.0,-11.0,1.0,0.0,1.0,1.0,0.0,2.0,8924.0,9850.0,140.0,7307.0,8633.0,148.0,1617.0,1217.0,-8.0,3.0,1.0,1.0,1.0,2.0,3.0
ESPORTSTMNT01_2250346,complete,http://matchhistory.na.leagueoflegends.com/en/#match-details/ESPORTSTMNT01/2250346?gameHash=ad683f15c1776a16,LCK,2021,,0,2021-09-02 10:30:09,4.0,11.16,3,Blue,mid,Faker,oe:player:e1edfc5cea461399a63cb813cf795cc,T1,oe:team:ce499dea30cfce118f4fe85da0227e8,Azir,Camille,LeBlanc,Sylas,Ashe,Aphelios,,,,,,2208,0,2,3,6,11,20,0.0,0.0,0.0,0.0,0.0,0.0,0.0,0.0,0.2989,0.8424,,,,,,,,,,,,,,,,,,,,,0.0,0.0,,,,,,,,,,0.0,0.0,17655.0,479.7554,0.25281,384.0217,267.2283,26.0,0.7065,11.0,0.2989,19.0,46.0,1.25,13653,8873.0,241.1141,0.242119,13625.0,,,310.0,266.0,44.0,,,8.4239,3663.0,5122.0,107.0,3563.0,4887.0,102.0,100.0,235.0,5.0,0.0,0.0,0.0,0.0,0.0,0.0,5450.0,7823.0,163.0,5749.0,8137.0,173.0,-299.0,-314.0,-10.0,0.0,0.0,0.0,0.0,0.0,0.0,7378.0,10074.0,202.0,7872.0,10652.0,227.0,-494.0,-578.0,-25.0,0.0,2.0,0.0,1.0,1.0,0.0,9056.0,12204.0,238.0,9887.0,12798.0,271.0,-831.0,-594.0,-33.0,0.0,4.0,1.0,1.0,3.0,1.0
ESPORTSTMNT01_2250346,complete,http://matchhistory.na.leagueoflegends.com/en/#match-details/ESPORTSTMNT01/2250346?gameHash=ad683f15c1776a16,LCK,2021,,0,2021-09-02 10:30:09,4.0,11.16,4,Blue,bot,,,T1,oe:team:ce499dea30cfce118f4fe85da0227e8,Ezreal,Camille,LeBlanc,Sylas,Ashe,Aphelios,,,,,,2208,0,1,2,5,11,20,0.0,0.0,0.0,0.0,0.0,0.0,0.0,0.0,0.2989,0.8424,,,,,,,,,,,,,,,,,,,,,0.0,0.0,,,,,,,,,,0.0,0.0,16121.0,438.0707,0.230844,505.3261,212.1467,19.0,0.5163,16.0,0.4348,8.0,57.0,1.5489,13641,8861.0,240.788,0.241791,12800.0,,,340.0,312.0,28.0,,,9.2391,2829.0,2727.0,71.0,3437.0,3109.0,88.0,-608.0,-382.0,-17.0,0.0,0.0,0.0,0.0,0.0,0.0,4425.0,4706.0,118.0,5342.0,6082.0,148.0,-917.0,-1376.0,-30.0,0.0,0.0,0.0,0.0,0.0,0.0,6349.0,6993.0,170.0,7530.0,8359.0,192.0,-1181.0,-1366.0,-22.0,0.0,1.0,0.0,0.0,2.0,0.0,9167.0,10695.0,231.0,9363.0,10466.0,222.0,-196.0,229.0,9.0,1.0,4.0,0.0,1.0,4.0,1.0
ESPORTSTMNT01_2250346,complete,http://matchhistory.na.leagueoflegends.com/en/#match-details/ESPORTSTMNT01/2250346?gameHash=ad683f15c1776a16,LCK,2021,,0,2021-09-02 10:30:09,4.0,11.16,5,Blue,sup,Keria,oe:player:db79ce6ad35451c938fbe2995dabd37,T1,oe:team:ce499dea30cfce118f4fe85da0227e8,Leona,Camille,LeBlanc,Sylas,Ashe,Aphelios,,,,,,2208,0,0,6,5,11,20,0.0,0.0,0.0,0.0,0.0,0.0,0.0,0.0,0.2989,0.8424,,,,,,,,,,,,,,,,,,,,,0.0,0.0,,,,,,,,,,0.0,0.0,3786.0,102.8804,0.0542135,441.7663,512.4457,68.0,1.8478,21.0,0.5707,26.0,103.0,2.7989,7380,2600.0,70.6522,0.0709533,7575.0,,,47.0,47.0,0.0,,,1.2772,2014.0,2489.0,15.0,2201.0,2832.0,15.0,-187.0,-343.0,0.0,0.0,0.0,0.0,0.0,0.0,0.0,3014.0,3239.0,25.0,3062.0,3335.0,22.0,-48.0,-96.0,3.0,0.0,0.0,0.0,0.0,0.0,0.0,4125.0,4513.0,31.0,4300.0,4749.0,31.0,-175.0,-236.0,0.0,0.0,1.0,1.0,0.0,2.0,0.0,5237.0,5884.0,37.0,5390.0,6641.0,34.0,-153.0,-757.0,3.0,0.0,2.0,2.0,0.0,5.0,0.0
ESPORTSTMNT01_2250346,complete,http://matchhistory.na.leagueoflegends.com/en/#match-details/ESPORTSTMNT01/2250346?gameHash=ad683f15c1776a16,LCK,2021,,0,2021-09-02 10:30:09,4.0,11.16,6,Red,top,Morgan,oe:player:f73dde2d8c7879ae8d1fcdc03c4ffeb,Hanwha Life Esports,oe:team:3a1d18f46bcb3716ebcfcf4ef068934,Irelia,Ryze,Jayce,Lee Sin,Kalista,Braum,,,,,,2208,1,9,3,5,20,11,2.0,1.0,0.0,0.0,0.0,0.0,0.0,0.0,0.5435,0.8424,,,,,,,,,,,,,,,,,,,,,0.0,0.0,,,,,,,,,,0.0,0.0,17757.0,482.5272,0.232897,951.7391,943.3967,15.0,0.4076,8.0,0.2174,11.0,33.0,0.8967,16684,11904.0,323.4783,0.265635,14875.0,,,314.0,300.0,14.0,,,8.5326,2870.0,3859.0,68.0,3323.0,4482.0,90.0,-453.0,-623.0,-22.0,0.0,0.0,0.0,0.0,0.0,0.0,4824.0,6838.0,115.0,4832.0,6475.0,122.0,-8.0,363.0,-7.0,1.0,0.0,0.0,0.0,0.0,1.0,6409.0,9313.0,155.0,6582.0,8120.0,142.0,-173.0,1193.0,13.0,1.0,0.0,1.0,2.0,0.0,1.0,8970.0,11861.0,198.0,9169.0,10934.0,182.0,-199.0,927.0,16.0,3.0,0.0,2.0,3.0,1.0,2.0
ESPORTSTMNT01_2250346,complete,http://matchhistory.na.leagueoflegends.com/en/#match-details/ESPORTSTMNT01/2250346?gameHash=ad683f15c1776a16,LCK,2021,,0,2021-09-02 10:30:09,4.0,11.16,7,Red,jng,Willer,oe:player:baf26814ef7b2f10fac33a00c3d53a3,Hanwha Life Esports,oe:team:3a1d18f46bcb3716ebcfcf4ef068934,Viego,Ryze,Jayce,Lee Sin,Kalista,Braum,,,,,,2208,1,3,4,9,20,11,0.0,0.0,0.0,0.0,0.0,0.0,0.0,1.0,0.5435,0.8424,,,,,,,,,,,,,,,,,,,,,1.0,0.0,,,,,,,,,,1.0,0.0,8777.0,238.5054,0.115117,880.9783,550.2717,17.0,0.462,27.0,0.7337,16.0,86.0,2.337,12421,7641.0,207.6359,0.17051,10975.0,,,211.0,53.0,158.0,,,5.7337,3002.0,3415.0,66.0,3352.0,3675.0,58.0,-350.0,-260.0,8.0,0.0,0.0,1.0,1.0,0.0,0.0,4178.0,5287.0,93.0,5068.0,5601.0,90.0,-890.0,-314.0,3.0,0.0,0.0,1.0,1.0,0.0,0.0,5917.0,7133.0,126.0,6443.0,7240.0,115.0,-526.0,-107.0,11.0,1.0,0.0,2.0,1.0,0.0,1.0,7307.0,8633.0,148.0,8924.0,9850.0,140.0,-1617.0,-1217.0,8.0,1.0,2.0,3.0,3.0,1.0,1.0
ESPORTSTMNT01_2250346,complete,http://matchhistory.na.leagueoflegends.com/en/#match-details/ESPORTSTMNT01/2250346?gameHash=ad683f15c1776a16,LCK,2021,,0,2021-09-02 10:30:09,4.0,11.16,8,Red,mid,Chovy,oe:player:fb6e61b8acb05df17b7e5ad4ae7c800,Hanwha Life Esports,oe:team:3a1d18f46bcb3716ebcfcf4ef068934,Orianna,Ryze,Jayce,Lee Sin,Kalista,Braum,,,,,,2208,1,6,2,10,20,11,1.0,0.0,0.0,0.0,0.0,0.0,0.0,0.0,0.5435,0.8424,,,,,,,,,,,,,,,,,,,,,0.0,0.0,,,,,,,,,,0.0,0.0,18593.0,505.2446,0.243862,291.8207,288.4783,18.0,0.4891,17.0,0.462,8.0,54.0,1.4674,16133,11353.0,308.5054,0.25334,15220.0,,,357.0,311.0,46.0,,,9.7011,3563.0,4887.0,102.0,3663.0,5122.0,107.0,-100.0,-235.0,-5.0,0.0,0.0,0.0,0.0,0.0,0.0,5749.0,8137.0,173.0,5450.0,7823.0,163.0,299.0,314.0,10.0,0.0,0.0,0.0,0.0,0.0,0.0,7872.0,10652.0,227.0,7378.0,10074.0,202.0,494.0,578.0,25.0,1.0,1.0,0.0,0.0,2.0,0.0,9887.0,12798.0,271.0,9056.0,12204.0,238.0,831.0,594.0,33.0,1.0,3.0,1.0,0.0,4.0,1.0
ESPORTSTMNT01_2250346,complete,http://matchhistory.na.leagueoflegends.com/en/#match-details/ESPORTSTMNT01/2250346?gameHash=ad683f15c1776a16,LCK,2021,,0,2021-09-02 10:30:09,4.0,11.16,9,Red,bot,Deft,oe:player:c588a2d07b69ca4ba61c96aebd3f793,Hanwha Life Esports,oe:team:3a1d18f46bcb3716ebcfcf4ef068934,Varus,Ryze,Jayce,Lee Sin,Kalista,Braum,,,,,,2208,1,2,2,15,20,11,0.0,0.0,0.0,0.0,0.0,0.0,0.0,0.0,0.5435,0.8424,,,,,,,,,,,,,,,,,,,,,0.0,0.0,,,,,,,,,,0.0,0.0,26040.0,707.6087,0.341535,348.9402,185.8967,28.0,0.7609,5.0,0.1359,8.0,40.0,1.087,14621,9841.0,267.4185,0.219601,12750.0,,,309.0,292.0,17.0,,,8.3967,3437.0,3109.0,88.0,2829.0,2727.0,71.0,608.0,382.0,17.0,0.0,0.0,0.0,0.0,0.0,0.0,5342.0,6082.0,148.0,4425.0,4706.0,118.0,917.0,1376.0,30.0,0.0,0.0,0.0,0.0,0.0,0.0,7530.0,8359.0,192.0,6349.0,6993.0,170.0,1181.0,1366.0,22.0,0.0,2.0,0.0,0.0,1.0,0.0,9363.0,10466.0,222.0,9167.0,10695.0,231.0,196.0,-229.0,-9.0,1.0,4.0,1.0,1.0,4.0,0.0
ESPORTSTMNT01_2250346,complete,http://matchhistory.na.leagueoflegends.com/en/#match-details/ESPORTSTMNT01/2250346?gameHash=ad683f15c1776a16,LCK,2021,,0,2021-09-02 10:30:09,4.0,11.16,10,Red,sup,Vsta,oe:player:16c1637b4b44b008b4d6627f68ae30a,Hanwha Life Esports,oe:team:3a1d18f46bcb3716ebcfcf4ef068934,Rakan,Ryze,Jayce,Lee Sin,Kalista,Braum,,,,,,2208,1,0,0,17,20,11,0.0,0.0,0.0,0.0,0.0,0.0,0.0,0.0,0.5435,0.8424,,,,,,,,,,,,,,,,,,,,,0.0,0.0,,,,,,,,,,0.0,0.0,5077.0,137.962,0.0665888,320.2446,365.5163,71.0,1.9293,20.0,0.5435,22.0,123.0,3.3424,8854,4074.0,110.7065,0.0909154,7875.0,,,49.0,45.0,4.0,,,1.3315,2201.0,2832.0,15.0,2014.0,2489.0,15.0,187.0,343.0,0.0,0.0,0.0,0.0,0.0,0.0,0.0,3062.0,3335.0,22.0,3014.0,3239.0,25.0,48.0,96.0,-3.0,0.0,0.0,0.0,0.0,0.0,0.0,4300.0,4749.0,31.0,4125.0,4513.0,31.0,175.0,236.0,0.0,0.0,2.0,0.0,0.0,1.0,1.0,5390.0,6641.0,34.0,5237.0,5884.0,37.0,153.0,757.0,-3.0,0.0,5.0,0.0,0.0,2.0,2.0
ESPORTSTMNT01_2250346,complete,http://matchhistory.na.leagueoflegends.com/en/#match-details/ESPORTSTMNT01/2250346?gameHash=ad683f15c1776a16,LCK,2021,,0,2021-09-02 10:30:09,4.0,11.16,100,Blue,team,,,T1,oe:team:ce499dea30cfce118f4fe85da0227e8,,Camille,LeBlanc,Sylas,Ashe,Aphelios,Kennen,Xin Zhao,Azir,Ezreal,Leona,2208,0,11,20,23,11,20,1.0,0.0,0.0,0.0,1.0,,,,0.2989,0.8424,0.0,2.0,4.0,2.0,4.0,0.0,0.0,0.0,2.0,0.0,0.0,,0.0,0.0,1.0,2.0,0.0,,,0.0,0.0,1.0,,,0.0,3.0,7.0,1.0,1.0,3.0,2.0,0.0,1.0,69835.0,1897.6902,,2839.2391,2101.9293,133.0,3.6141,73.0,1.9837,68.0,300.0,8.1522,60547,36649.0,995.8967,,59675.0,-0.0332866,-0.42,,933.0,227.0,,,31.5217,15181.0,18495.0,341.0,15073.0,18102.0,339.0,108.0,393.0,2.0,1.0,0.0,0.0,0.0,0.0,1.0,22789.0,27844.0,518.0,23155.0,29679.0,551.0,-366.0,-1835.0,-33.0,1.0,0.0,1.0,1.0,0.0,1.0,30877.0,36940.0,660.0,32028.0,40206.0,731.0,-1151.0,-3266.0,-71.0,3.0,4.0,3.0,3.0,5.0,3.0,41553.0,49567.0,828.0,40917.0,50399.0,873.0,636.0,-832.0,-45.0,7.0,12.0,6.0,6.0,14.0,7.0
ESPORTSTMNT01_2250346,complete,http://matchhistory.na.leagueoflegends.com/en/#match-details/ESPORTSTMNT01/2250346?gameHash=ad683f15c1776a16,LCK,2021,,0,2021-09-02 10:30:09,4.0,11.16,200,Red,team,,,Hanwha Life Esports,oe:team:3a1d18f46bcb3716ebcfcf4ef068934,,Ryze,Jayce,Lee Sin,Kalista,Braum,Irelia,Viego,Orianna,Varus,Rakan,2208,1,20,11,56,20,11,3.0,1.0,0.0,0.0,0.0,,,,0.5435,0.8424,1.0,4.0,2.0,4.0,2.0,1.0,1.0,0.0,2.0,0.0,0.0,,0.0,0.0,0.0,0.0,2.0,,,1.0,1.0,0.0,,,1.0,7.0,3.0,0.0,0.0,2.0,3.0,1.0,0.0,76244.0,2071.8478,,2793.7228,2333.5598,149.0,4.0489,77.0,2.0924,65.0,336.0,9.1304,68713,44815.0,1217.7989,,61695.0,0.0332866,0.42,,1001.0,239.0,,,33.6957,15073.0,18102.0,339.0,15181.0,18495.0,341.0,-108.0,-393.0,-2.0,0.0,0.0,1.0,1.0,0.0,0.0,23155.0,29679.0,551.0,22789.0,27844.0,518.0,366.0,1835.0,33.0,1.0,0.0,1.0,1.0,0.0,1.0,32028.0,40206.0,731.0,30877.0,36940.0,660.0,1151.0,3266.0,71.0,3.0,5.0,3.0,3.0,4.0,3.0,40917.0,50399.0,873.0,41553.0,49567.0,828.0,-636.0,832.0,45.0,6.0,14.0,7.0,7.0,12.0,6.0
ESPORTSTMNT01_2250350,complete,http://matchhistory.na.leagueoflegends.com/en/#match-details/ESPORTSTMNT01/2250350?gameHash=e5d6cdfa04d366df,LCK,2021,,0,2021-09-02 11:26:56,5.0,11.16,1,Blue,top,Morgan,oe:player:f73dde2d8c7879ae8d1fcdc03c4ffeb,Hanwha Life Esports,oe:team:3a1d18f46bcb3716ebcfcf4ef068934,Renekton,Ryze,Jayce,Irelia,Kalista,Ashe,,,,,,1781,0,3,1,3,13,16,0.0,0.0,0.0,0.0,1.0,0.0,1.0,0.0,0.438,0.977,,,,,,,,,,,,,,,,,,,,,0.0,0.0,,,,,,,,,,0.0,0.0,7425.0,250.1404,0.148595,855.059,568.8714,14.0,0.4716,10.0,0.3369,10.0,40.0,1.3476,10820,6911.0,232.8243,0.22848,10850.0,,,219.0,203.0,16.0,,,7.3779,2902.0,4011.0,62.0,3154.0,4503.0,81.0,-252.0,-492.0,-19.0,0.0,1.0,0.0,0.0,0.0,0.0,5164.0,6627.0,102.0,5262.0,6635.0,124.0,-98.0,-8.0,-22.0,1.0,2.0,0.0,0.0,1.0,2.0,7279.0,9286.0,152.0,6792.0,8771.0,156.0,487.0,515.0,-4.0,2.0,3.0,0.0,0.0,2.0,2.0,9269.0,11847.0,185.0,8691.0,11357.0,186.0,578.0,490.0,-1.0,3.0,3.0,0.0,1.0,3.0,3.0
ESPORTSTMNT01_2250350,complete,http://matchhistory.na.leagueoflegends.com/en/#match-details/ESPORTSTMNT01/2250350?gameHash=e5d6cdfa04d366df,LCK,2021,,0,2021-09-02 11:26:56,5.0,11.16,2,Blue,jng,Willer,oe:player:baf26814ef7b2f10fac33a00c3d53a3,Hanwha Life Esports,oe:team:3a1d18f46bcb3716ebcfcf4ef068934,Viego,Ryze,Jayce,Irelia,Kalista,Ashe,,,,,,1781,0,6,4,5,13,16,0.0,0.0,0.0,0.0,1.0,1.0,0.0,0.0,0.438,0.977,,,,,,,,,,,,,,,,,,,,,0.0,1.0,,,,,,,,,,0.0,0.0,8664.0,291.881,0.173391,890.365,525.4464,16.0,0.539,18.0,0.6064,25.0,60.0,2.0213,10850,6941.0,233.8349,0.229472,10325.0,,,166.0,32.0,134.0,,,5.5924,3591.0,3175.0,56.0,3747.0,3713.0,66.0,-156.0,-538.0,-10.0,2.0,0.0,1.0,2.0,0.0,1.0,5712.0,5526.0,85.0,6362.0,5943.0,103.0,-650.0,-417.0,-18.0,4.0,2.0,1.0,3.0,1.0,1.0,6841.0,7403.0,109.0,8205.0,7631.0,117.0,-1364.0,-228.0,-8.0,4.0,2.0,2.0,4.0,2.0,1.0,9003.0,9144.0,136.0,9707.0,9943.0,143.0,-704.0,-799.0,-7.0,5.0,4.0,3.0,4.0,3.0,2.0
ESPORTSTMNT01_2250350,complete,http://matchhistory.na.leagueoflegends.com/en/#match-details/ESPORTSTMNT01/2250350?gameHash=e5d6cdfa04d366df,LCK,2021,,0,2021-09-02 11:26:56,5.0,11.16,3,Blue,mid,Chovy,oe:player:fb6e61b8acb05df17b7e5ad4ae7c800,Hanwha Life Esports,oe:team:3a1d18f46bcb3716ebcfcf4ef068934,Orianna,Ryze,Jayce,Irelia,Kalista,Ashe,,,,,,1781,0,1,3,11,13,16,0.0,0.0,0.0,0.0,1.0,0.0,1.0,0.0,0.438,0.977,,,,,,,,,,,,,,,,,,,,,0.0,0.0,,,,,,,,,,0.0,0.0,14242.0,479.7979,0.285022,362.3582,219.3487,15.0,0.5053,15.0,0.5053,5.0,45.0,1.516,11219,7310.0,246.2661,0.241672,11310.0,,,251.0,227.0,24.0,,,8.4559,3695.0,4762.0,103.0,3503.0,4411.0,99.0,192.0,351.0,4.0,0.0,1.0,0.0,0.0,1.0,0.0,5639.0,7596.0,154.0,5442.0,7040.0,154.0,197.0,556.0,0.0,0.0,5.0,1.0,0.0,2.0,0.0,7503.0,9778.0,201.0,7513.0,8892.0,194.0,-10.0,886.0,7.0,0.0,7.0,1.0,1.0,2.0,1.0,8710.0,11073.0,214.0,9933.0,12749.0,232.0,-1223.0,-1676.0,-18.0,0.0,10.0,2.0,2.0,5.0,1.0
ESPORTSTMNT01_2250350,complete,http://matchhistory.na.leagueoflegends.com/en/#match-details/ESPORTSTMNT01/2250350?gameHash=e5d6cdfa04d366df,LCK,2021,,0,2021-09-02 11:26:56,5.0,11.16,4,Blue,bot,Deft,oe:player:c588a2d07b69ca4ba61c96aebd3f793,Hanwha Life Esports,oe:team:3a1d18f46bcb3716ebcfcf4ef068934,Varus,Ryze,Jayce,Irelia,Kalista,Ashe,,,,,,1781,0,2,2,6,13,16,0.0,0.0,0.0,0.0,0.0,0.0,0.0,0.0,0.438,0.977,,,,,,,,,,,,,,,,,,,,,0.0,0.0,,,,,,,,,,0.0,1.0,16353.0,550.9152,0.327269,309.6687,109.7586,26.0,0.8759,9.0,0.3032,6.0,44.0,1.4823,10594,6685.0,225.2106,0.221008,10200.0,,,244.0,232.0,12.0,,,8.2201,3313.0,3157.0,87.0,2884.0,3149.0,66.0,429.0,8.0,21.0,0.0,1.0,0.0,0.0,1.0,1.0,4710.0,5218.0,121.0,5630.0,5635.0,125.0,-920.0,-417.0,-4.0,0.0,3.0,0.0,1.0,1.0,2.0,6611.0,7101.0,154.0,7842.0,7761.0,172.0,-1231.0,-660.0,-18.0,1.0,4.0,0.0,1.0,2.0,2.0,8720.0,9222.0,197.0,10839.0,11016.0,220.0,-2119.0,-1794.0,-23.0,2.0,6.0,1.0,3.0,2.0,2.0
ESPORTSTMNT01_2250350,complete,http://matchhistory.na.leagueoflegends.com/en/#match-details/ESPORTSTMNT01/2250350?gameHash=e5d6cdfa04d366df,LCK,2021,,0,2021-09-02 11:26:56,5.0,11.16,5,Blue,sup,Vsta,oe:player:16c1637b4b44b008b4d6627f68ae30a,Hanwha Life Esports,oe:team:3a1d18f46bcb3716ebcfcf4ef068934,Alistar,Ryze,Jayce,Irelia,Kalista,Ashe,,,,,,1781,0,1,6,6,13,16,0.0,0.0,0.0,0.0,0.0,0.0,0.0,0.0,0.438,0.977,,,,,,,,,,,,,,,,,,,,,0.0,0.0,,,,,,,,,,0.0,0.0,3284.0,110.6345,0.0657221,482.8299,478.7535,48.0,1.6171,13.0,0.438,20.0,72.0,2.4256,6310,2401.0,80.8871,0.0793672,6100.0,,,32.0,32.0,0.0,,,1.078,2155.0,2534.0,13.0,2353.0,2703.0,19.0,-198.0,-169.0,-6.0,0.0,1.0,1.0,0.0,2.0,0.0,3483.0,3448.0,21.0,3575.0,3797.0,27.0,-92.0,-349.0,-6.0,1.0,3.0,2.0,0.0,4.0,1.0,4586.0,4679.0,29.0,4700.0,4453.0,33.0,-114.0,226.0,-4.0,1.0,3.0,3.0,0.0,5.0,2.0,5456.0,5787.0,30.0,5852.0,5769.0,38.0,-396.0,18.0,-8.0,1.0,5.0,4.0,0.0,5.0,3.0
ESPORTSTMNT01_2250350,complete,http://matchhistory.na.leagueoflegends.com/en/#match-details/ESPORTSTMNT01/2250350?gameHash=e5d6cdfa04d366df,LCK,2021,,0,2021-09-02 11:26:56,5.0,11.16,6,Red,top,Canna,oe:player:7577c239c73fa5f3011cd7b5503e75e,T1,oe:team:ce499dea30cfce118f4fe85da0227e8,Kennen,Lee Sin,Camille,LeBlanc,Sylas,Rakan,,,,,,1781,1,2,3,6,16,13,0.0,0.0,0.0,0.0,0.0,0.0,0.0,0.0,0.539,0.977,,,,,,,,,,,,,,,,,,,,,0.0,0.0,,,,,,,,,,0.0,0.0,16339.0,550.4436,0.25282,418.8883,260.8871,9.0,0.3032,7.0,0.2358,7.0,31.0,1.0444,11700,7791.0,262.4705,0.206024,9235.0,,,236.0,208.0,28.0,,,7.9506,3154.0,4503.0,81.0,2902.0,4011.0,62.0,252.0,492.0,19.0,0.0,0.0,0.0,0.0,1.0,0.0,5262.0,6635.0,124.0,5164.0,6627.0,102.0,98.0,8.0,22.0,0.0,1.0,2.0,1.0,2.0,0.0,6792.0,8771.0,156.0,7279.0,9286.0,152.0,-487.0,-515.0,4.0,0.0,2.0,2.0,2.0,3.0,0.0,8691.0,11357.0,186.0,9269.0,11847.0,185.0,-578.0,-490.0,1.0,1.0,3.0,3.0,3.0,3.0,0.0
ESPORTSTMNT01_2250350,complete,http://matchhistory.na.leagueoflegends.com/en/#match-details/ESPORTSTMNT01/2250350?gameHash=e5d6cdfa04d366df,LCK,2021,,0,2021-09-02 11:26:56,5.0,11.16,7,Red,jng,Oner,oe:player:f8b68f268106124fc4bc1c946adc9b0,T1,oe:team:ce499dea30cfce118f4fe85da0227e8,Xin Zhao,Lee Sin,Camille,LeBlanc,Sylas,Rakan,,,,,,1781,1,7,2,4,16,13,2.0,0.0,0.0,0.0,0.0,0.0,0.0,1.0,0.539,0.977,,,,,,,,,,,,,,,,,,,,,1.0,0.0,,,,,,,,,,0.0,0.0,12321.0,415.0814,0.190648,970.0393,616.0022,13.0,0.438,17.0,0.5727,11.0,55.0,1.8529,12743,8834.0,297.6081,0.233607,11175.0,,,177.0,49.0,128.0,,,5.9629,3747.0,3713.0,66.0,3591.0,3175.0,56.0,156.0,538.0,10.0,2.0,0.0,1.0,2.0,0.0,1.0,6362.0,5943.0,103.0,5712.0,5526.0,85.0,650.0,417.0,18.0,3.0,1.0,1.0,4.0,2.0,1.0,8205.0,7631.0,117.0,6841.0,7403.0,109.0,1364.0,228.0,8.0,4.0,2.0,1.0,4.0,2.0,2.0,9707.0,9943.0,143.0,9003.0,9144.0,136.0,704.0,799.0,7.0,4.0,3.0,2.0,5.0,4.0,3.0
ESPORTSTMNT01_2250350,complete,http://matchhistory.na.leagueoflegends.com/en/#match-details/ESPORTSTMNT01/2250350?gameHash=e5d6cdfa04d366df,LCK,2021,,0,2021-09-02 11:26:56,5.0,11.16,8,Red,mid,Faker,oe:player:e1edfc5cea461399a63cb813cf795cc,T1,oe:team:ce499dea30cfce118f4fe85da0227e8,Azir,Lee Sin,Camille,LeBlanc,Sylas,Rakan,,,,,,1781,1,3,2,6,16,13,0.0,0.0,0.0,0.0,0.0,0.0,0.0,0.0,0.539,0.977,,,,,,,,,,,,,,,,,,,,,0.0,0.0,,,,,,,,,,0.0,0.0,16753.0,564.3908,0.259226,419.0904,215.0365,16.0,0.539,9.0,0.3032,6.0,35.0,1.1791,12218,8309.0,279.9214,0.219723,12200.0,,,264.0,257.0,7.0,,,8.8939,3503.0,4411.0,99.0,3695.0,4762.0,103.0,-192.0,-351.0,-4.0,0.0,1.0,0.0,0.0,1.0,0.0,5442.0,7040.0,154.0,5639.0,7596.0,154.0,-197.0,-556.0,0.0,0.0,2.0,0.0,0.0,5.0,1.0,7513.0,8892.0,194.0,7503.0,9778.0,201.0,10.0,-886.0,-7.0,1.0,2.0,1.0,0.0,7.0,1.0,9933.0,12749.0,232.0,8710.0,11073.0,214.0,1223.0,1676.0,18.0,2.0,5.0,1.0,0.0,10.0,2.0
ESPORTSTMNT01_2250350,complete,http://matchhistory.na.leagueoflegends.com/en/#match-details/ESPORTSTMNT01/2250350?gameHash=e5d6cdfa04d366df,LCK,2021,,0,2021-09-02 11:26:56,5.0,11.16,9,Red,bot,,,T1,oe:team:ce499dea30cfce118f4fe85da0227e8,Aphelios,Lee Sin,Camille,LeBlanc,Sylas,Rakan,,,,,,1781,1,4,2,4,16,13,1.0,0.0,0.0,0.0,0.0,0.0,0.0,0.0,0.539,0.977,,,,,,,,,,,,,,,,,,,,,0.0,0.0,,,,,,,,,,1.0,0.0,14614.0,492.3302,0.226128,252.9366,393.1162,19.0,0.6401,9.0,0.3032,9.0,46.0,1.5497,13603,9694.0,326.5806,0.25635,12375.0,,,272.0,237.0,35.0,,,9.1634,2884.0,3149.0,66.0,3313.0,3157.0,87.0,-429.0,-8.0,-21.0,0.0,1.0,1.0,0.0,1.0,0.0,5630.0,5635.0,125.0,4710.0,5218.0,121.0,920.0,417.0,4.0,1.0,1.0,2.0,0.0,3.0,0.0,7842.0,7761.0,172.0,6611.0,7101.0,154.0,1231.0,660.0,18.0,1.0,2.0,2.0,1.0,4.0,0.0,10839.0,11016.0,220.0,8720.0,9222.0,197.0,2119.0,1794.0,23.0,3.0,2.0,2.0,2.0,6.0,1.0
ESPORTSTMNT01_2250350,complete,http://matchhistory.na.leagueoflegends.com/en/#match-details/ESPORTSTMNT01/2250350?gameHash=e5d6cdfa04d366df,LCK,2021,,0,2021-09-02 11:26:56,5.0,11.16,10,Red,sup,Keria,oe:player:db79ce6ad35451c938fbe2995dabd37,T1,oe:team:ce499dea30cfce118f4fe85da0227e8,Leona,Lee Sin,Camille,LeBlanc,Sylas,Rakan,,,,,,1781,1,0,4,7,16,13,0.0,0.0,0.0,0.0,0.0,0.0,0.0,0.0,0.539,0.977,,,,,,,,,,,,,,,,,,,,,0.0,0.0,,,,,,,,,,0.0,0.0,4600.0,154.9691,0.0711777,432.5997,476.0584,62.0,2.0887,19.0,0.6401,23.0,96.0,3.2341,7097,3188.0,107.4003,0.0842953,6575.0,,,43.0,43.0,0.0,,,1.4486,2353.0,2703.0,19.0,2155.0,2534.0,13.0,198.0,169.0,6.0,0.0,2.0,0.0,0.0,1.0,1.0,3575.0,3797.0,27.0,3483.0,3448.0,21.0,92.0,349.0,6.0,0.0,4.0,1.0,1.0,3.0,2.0,4700.0,4453.0,33.0,4586.0,4679.0,29.0,114.0,-226.0,4.0,0.0,5.0,2.0,1.0,3.0,3.0,5852.0,5769.0,38.0,5456.0,5787.0,30.0,396.0,-18.0,8.0,0.0,5.0,3.0,1.0,5.0,4.0
ESPORTSTMNT01_2250350,complete,http://matchhistory.na.leagueoflegends.com/en/#match-details/ESPORTSTMNT01/2250350?gameHash=e5d6cdfa04d366df,LCK,2021,,0,2021-09-02 11:26:56,5.0,11.16,100,Blue,team,,,Hanwha Life Esports,oe:team:3a1d18f46bcb3716ebcfcf4ef068934,,Ryze,Jayce,Irelia,Kalista,Ashe,Viego,Renekton,Varus,Orianna,Alistar,1781,0,13,16,31,13,16,0.0,0.0,0.0,0.0,1.0,,,,0.438,0.977,0.0,1.0,2.0,1.0,2.0,1.0,0.0,0.0,0.0,0.0,0.0,,0.0,0.0,0.0,0.0,2.0,,,0.0,0.0,1.0,,,0.0,2.0,8.0,0.0,0.0,5.0,7.0,0.0,1.0,49968.0,1683.3689,,2900.2807,1902.1786,119.0,4.009,65.0,2.1898,66.0,261.0,8.7928,49793,30246.0,1018.9556,,48785.0,-0.0553092,-1.18,,726.0,186.0,,,30.7243,15656.0,17639.0,321.0,15641.0,18479.0,331.0,15.0,-840.0,-10.0,2.0,4.0,2.0,2.0,4.0,2.0,24708.0,28415.0,483.0,26271.0,29050.0,533.0,-1563.0,-635.0,-50.0,6.0,15.0,4.0,4.0,9.0,6.0,32820.0,38247.0,645.0,35052.0,37508.0,672.0,-2232.0,739.0,-27.0,8.0,19.0,6.0,6.0,13.0,8.0,41158.0,47073.0,762.0,45022.0,50834.0,819.0,-3864.0,-3761.0,-57.0,11.0,28.0,10.0,10.0,18.0,11.0
ESPORTSTMNT01_2250350,complete,http://matchhistory.na.leagueoflegends.com/en/#match-details/ESPORTSTMNT01/2250350?gameHash=e5d6cdfa04d366df,LCK,2021,,0,2021-09-02 11:26:56,5.0,11.16,200,Red,team,,,T1,oe:team:ce499dea30cfce118f4fe85da0227e8,,Lee Sin,Camille,LeBlanc,Sylas,Rakan,Kennen,Xin Zhao,Azir,Leona,Aphelios,1781,1,16,13,27,16,13,3.0,0.0,0.0,0.0,0.0,,,,0.539,0.977,1.0,2.0,1.0,2.0,1.0,0.0,0.0,1.0,1.0,0.0,0.0,,0.0,0.0,1.0,2.0,0.0,,,1.0,1.0,0.0,,,1.0,8.0,2.0,1.0,1.0,7.0,5.0,1.0,0.0,64627.0,2177.215,,2493.5542,1961.1005,119.0,4.009,61.0,2.055,56.0,263.0,8.8602,57361,37814.0,1273.9135,,51560.0,0.0553092,1.18,,794.0,198.0,,,33.4194,15641.0,18479.0,331.0,15656.0,17639.0,321.0,-15.0,840.0,10.0,2.0,4.0,2.0,2.0,4.0,2.0,26271.0,29050.0,533.0,24708.0,28415.0,483.0,1563.0,635.0,50.0,4.0,9.0,6.0,6.0,15.0,4.0,35052.0,37508.0,672.0,32820.0,38247.0,645.0,2232.0,-739.0,27.0,6.0,13.0,8.0,8.0,19.0,6.0,45022.0,50834.0,819.0,41158.0,47073.0,762.0,3864.0,3761.0,57.0,10.0,18.0,11.0,11.0,28.0,10.0
