id,playername,teamname,year,split,final_offense,final_defense,final_utility,final_macro,final_clutch,final_consistency
1366,Amazing,Fnatic Academy,2017,Summer,82.13687994631695,89.81661806777684,70.59073175734514,,69.9879170701568,92.06363615250375
1378,Cinkrof,Origen,2017,Summer,54.89433780084466,70.5879187437161,53.17737226193815,,55.43299668397718,55.19371085163192
1379,CozQ,Misfits Academy,2017,Summer,74.00840905883528,80.04556789756845,65.72324814242806,,63.22175989620073,76.47304951540968
1384,Dreams,Misfits Academy,2017,Summer,75.39785938674447,82.99824931888236,82.89780611692674,,50.0,99.99352230200793
1391,HeaQ,Giants Gaming,2017,Summer,78.06678522966394,84.47650942793852,75.219144006409,,61.032206248057435,77.58051562014359
1396,Hustlin,Giants Gaming,2017,Summer,52.64081773994414,71.28801050346577,54.45674086443868,,50.0,52.57322581368066
1402,Jisu,Misfits Academy,2017,Summer,56.459768684291035,71.7482269994882,53.97339635414914,,50.64112058026799,55.44744461591533
1404,Kikis,Fnatic Academy,2017,Summer,85.26891275774702,93.91069040698976,85.29355823167833,,58.370410339008394,85.56066373284536
1406,Klaj,Fnatic Academy,2017,Summer,51.87993281237065,70.85206495497943,54.95693877000204,,50.0,51.46658887118718
1415,Memento,Giants Gaming,2017,Summer,57.334861451649545,72.07234882913403,54.877494802313194,,51.879918831091715,56.64191579149274
1419,MrRallez,Fnatic Academy,2017,Summer,58.792937551156754,75.66481712406144,56.79734980876955,,55.93893957618492,57.9185861015799
1420,Naehyun,Origen,2017,Summer,55.91427305566727,71.67545007531233,53.250454207533345,,53.939618724285396,55.91602719940168
1422,NighT,Giants Gaming,2017,Summer,56.60664225518167,72.89873988762834,53.91020371229552,,54.992866153754434,56.248052166930854
1423,Nisqy,Fnatic Academy,2017,Summer,67.34974040530804,83.02066740964106,62.98385790849314,,61.71668479946515,67.59465339454269
1434,Pridestalkr,Misfits Academy,2017,Summer,76.14470259548057,82.27028054360056,66.03519216331607,,50.0,75.49585089976021
1441,Satorius,Origen,2017,Summer,59.62587383464613,73.27767726080707,55.569096316372054,,51.34823706394977,58.59173019986429
1450,Tabzz,Origen,2017,Summer,57.716485714719454,71.26629911510861,55.69271127126202,,50.0,56.866829598876436
1462,Yuuki60,Misfits Academy,2017,Summer,68.06034273142005,84.74079057757407,64.36401107610028,,73.80755305189317,67.31458403774047
1465,fjoompbun,Giants Gaming,2017,Summer,60.43886129602411,72.31393180501617,56.60136974470575,,50.97359524122179,60.34050051992072
1468,xPeke,Origen,2017,Summer,50.205242091405644,69.43478213984774,51.423655480851885,,50.0,50.0
2225,Deftly,eUnited,2017,Summer,50.457371695766845,56.499149288264746,52.658336606873554,,50.0,50.0
2228,Fenix,Gold Coin United,2017,Summer,50.0,70.0,50.0,,50.0,50.0
2230,Fox,eUnited,2017,Summer,67.24596536918202,62.02583596426642,59.418223897350174,,54.30680496539172,67.54174158609476
2234,Gilius,eUnited,2017,Summer,54.822707530806284,62.65004053832724,52.79163577517902,,50.0,54.08732151848119
2247,Licorice,eUnited,2017,Summer,52.49561311648211,68.6885631622298,52.089417803114074,,53.08224129906378,51.50927273972921
2251,MadLife,Gold Coin United,2017,Summer,66.34227117851383,73.59647749980718,59.029313241572986,,50.0,64.17731844922871
2253,Mash,Gold Coin United,2017,Summer,72.85410766871645,71.70662762111574,64.462280333791,,60.93351187407991,78.39790200108799
2271,Santorin,Gold Coin United,2017,Summer,63.61839166777201,75.78169859861353,59.47265431330987,,54.52410570377097,64.07083886984547
2277,Solo,Gold Coin United,2017,Summer,62.84063332716812,73.39974610899331,59.02757910251635,,58.545002303704266,61.24720506670046
2284,Zeyzal,eUnited,2017,Summer,50.0,70.0,50.0,,50.0,50.0
3830,Chingz,XGamers,2017,Summer,54.393239006907265,70.95295742997794,51.73211149961844,,50.0,54.0392452865472
3831,Coool,Team Yetti,2017,Summer,50.0,71.42795240488718,53.22782322982316,,50.0,50.0
3841,Holo,Team Yetti,2017,Summer,62.066410838904545,70.21871166868914,59.99099547324625,,62.59401813808788,61.832820542263306
3842,Jjun,Team Yetti,2017,Summer,57.42457248341952,72.51266428592325,56.434044694556924,,50.0,57.010524290002536
3843,Joy,Team Yetti,2017,Summer,59.501862977268836,72.24286881174021,54.29144129868085,,54.4602478651972,57.62793129892174
3847,Kawa,XGamers,2017,Summer,52.10277872809307,67.71135275558692,50.90509988222547,,50.0,52.340807553246876
3850,LBB,XGamers,2017,Summer,57.23537042729077,67.7511589606576,51.43194219424943,,59.23610386633791,54.6739407034264
3859,Mist,Team Yetti,2017,Summer,55.43263743560233,72.1498549539456,52.884619056649505,,54.373307197870446,55.06142295721978
3864,Nexus,XGamers,2017,Summer,98.42996961625327,68.34553409841992,86.00920955266892,,50.0,98.05854415443694
3872,SIUSIU,XGamers,2017,Summer,55.46444109553043,71.03529150518787,54.39227621158547,,53.97772373818018,55.83090017504866
3886,Zest,XGamers,2017,Summer,66.82211789254498,69.16624245005133,53.197165997424975,,50.0,55.16187093323239
4421,Emtest,HWA Gaming,2017,Summer,70.08199685084462,74.01343202947017,80.75408585097182,,57.13714477065625,72.30357740830078
4430,Inition,Team Turquality,2017,Summer,50.0,65.69349027355594,51.0424618987833,,50.0,50.0
4448,Panky,HWA Gaming,2017,Summer,86.66755757739142,72.91848946206086,85.48756045541502,,50.0,93.68735249742298
4450,Polyokov,HWA Gaming,2017,Summer,60.77964481151874,73.29774984302595,58.7587420766852,,92.08379086910217,57.68466699889945
4453,Revanche,HWA Gaming,2017,Summer,54.54924599105849,71.84400003376695,56.103597605734414,,50.0,56.181495855317436
4464,Trix,HWA Gaming,2017,Summer,57.00075647182133,69.20897883475348,55.57230333353374,,63.41409042634246,58.99671015417047
4465,Truklax,Team Turquality,2017,Summer,51.38185576257516,68.5519368177647,50.81533445070385,,50.0,52.73321560718163
4477,kazze,Team Turquality,2017,Summer,53.155440650147845,65.62382925998114,52.50805284508928,,50.0,51.64692988190419
4479,midali,Team Turquality,2017,Summer,72.88220167103113,65.1211933443912,55.97720448914524,,50.0,79.07069126752477
4481,w4lker,Team Turquality,2017,Summer,62.865767595339044,61.421285732856624,55.320485996277085,,50.0,63.8970566082989
7781,Candy,CJ Entus,2017,Summer,56.74516109777796,69.30044437575208,55.25714793772387,,53.35559107574381,56.58073774222275
7791,Edge,Kongdoo Monster,2017,Summer,50.0,70.261859068903,51.573641157007884,,51.62500295076465,50.0
7796,GuGer,Kongdoo Monster,2017,Summer,60.6054363369443,74.74791196561472,61.17145930229282,,50.0,64.2222943219268
7822,Punch,Kongdoo Monster,2017,Summer,63.990996888569335,70.98956591628728,63.34606315649327,,60.26601581772551,69.22713100681989
7823,Pure,CJ Entus,2017,Summer,50.0,70.0,50.08337052861234,,50.0,50.0
7826,Roach,Kongdoo Monster,2017,Summer,59.089875036569154,72.29000146062006,60.94259652373704,,52.88674897389914,59.75032648464482
7835,Soul,CJ Entus,2017,Summer,55.065377527677256,70.62598650432982,57.04733716184529,,50.0,56.069176782807986
7837,Ssol,Kongdoo Monster,2017,Summer,75.15936734322185,69.21459780147768,63.34472283349133,,85.52685161797106,71.31611097078263
7844,Veritas,CJ Entus,2017,Summer,55.350396873212766,69.11926415885932,54.423344539845644,,50.0,54.896943018675735
7845,Winged,CJ Entus,2017,Summer,55.36424930518459,69.74173088065649,53.99655704295371,,50.0,54.80588869771456
7959,Justice,Jin Air Green Wings,2018,Summer,,70.0,50.12687935687146,70.0,50.0,50.0
8255,Naehyun,Griffin,2020,Spring,,70.0,50.0,70.03044208547001,50.0,50.0
9263,Brucer,Team oNe eSports,2019,Split 2,,71.991237016216,51.835323506711966,72.04241857628162,50.0,57.71782342094939
10096,BlackArrow,RoX,2017,Spring,,63.17004600388111,59.394622661954436,75.0,50.0,81.71601865762186
10104,DiscotEkka,RoX,2017,Spring,,70.0,50.0,75.0,50.0,50.0
10152,Antariys,Team Empire,2017,Summer,79.67601614836565,72.89920294784514,68.62414317120505,,50.0,76.29439320310388
10155,BloodFenix,Dolphins,2017,Summer,51.36068230241853,65.23218025124962,51.637493702686484,,50.0,55.147572800286426
10168,Finn,Team Empire,2017,Summer,53.17137773045637,71.59122020813628,53.44348509163274,,61.16095427713276,50.0
10173,Kinzu,Team Empire,2017,Summer,53.59255029018319,60.19493136530288,61.48687001409088,,64.52826591704601,50.0
10176,Lasagna,Dolphins,2017,Summer,53.25492047189776,65.85676020913675,50.0,,68.6265344106724,50.0
10186,Paris,Team Empire,2017,Summer,52.353330284477664,68.69174922888598,50.93734566015117,,52.360032090869545,52.02288464931675
10187,Piter Pokir,Dolphins,2017,Summer,50.0,70.0,50.0,,50.0,50.0
10192,Pyrex,Team Empire,2017,Summer,52.11691288840393,65.60434472304118,58.40638662186554,,50.0,61.18830446051573
10203,Tauren,Dolphins,2017,Summer,51.4639285485857,52.08038730167094,60.77246973070146,,50.0,54.056807630702
10204,Tristesse,Dolphins,2017,Summer,56.02096285878347,61.714839875023536,52.50319652974793,,50.0,50.0
10813,Air,SCARZ,2017,Summer,50.0,70.0,50.0,,50.0,50.0
10815,Akasi,DetonatioN Rising,2017,Summer,88.80066566385862,83.74047725325339,86.79766684214349,,61.68921515706252,93.66158388399063
10820,Astarore,DetonatioN Rising,2017,Summer,83.45105298638818,83.64249647260978,79.13266488301902,,93.02823443473483,83.89155256939671
10825,Day1,SCARZ,2017,Summer,51.69382289644559,67.10905276800597,57.14153955750118,,51.890438338782296,50.0
10826,DayDream,SCARZ,2017,Summer,53.112077947631114,67.81648549670517,51.88652106263599,,50.0,51.99848666677952
10831,Hollis,DetonatioN Rising,2017,Summer,97.64502420036037,91.22269029274601,79.56460894101644,,100.0,87.54601059547551
10834,Legato,DetonatioN Rising,2017,Summer,80.5985282101689,95.87207077276098,89.3694086761334,,75.0,100.0
10837,MayZ,DetonatioN Rising,2017,Summer,93.73027199143925,85.56850961248074,81.01377234193149,,100.0,92.55070032305247
10838,Mei,SCARZ,2017,Summer,52.05892978276461,69.9782800884781,57.023976038163646,,75.0,52.41813561671882
10849,Search,SCARZ,2017,Summer,50.0,66.04738195662887,51.018475144071154,,53.08941450120074,50.0
10860,hachamecha,Crest Gaming Act,2017,Summer,50.0,58.277108871230666,50.0,,50.0,50.0
10861,hetakyun,Crest Gaming Act,2017,Summer,50.0,65.43759733908556,50.0,,75.0,50.0
10862,ion,Crest Gaming Act,2017,Summer,50.33590462420607,64.43940786769704,51.12917964818844,,50.0,50.64313204258704
10863,ion,Crest Gaming Act,2017,Summer,55.601866837032524,62.5815880488214,51.77373142051895,,54.20417008668272,57.155615258623115
10864,mai,Crest Gaming Act,2017,Summer,58.31455251313441,53.06455346747593,53.439700120915624,,50.0,55.596825052695955
10865,mai,Crest Gaming Act,2017,Summer,59.77997572653973,65.34379109186851,53.54110733365783,,50.0,61.06521547427814
10867,suzuki,Crest Gaming Act,2017,Summer,51.61487080780347,61.42237799505355,50.57475723302031,,50.0,51.23621619873237
11502,Candyseven,Newbee Young,2016,Spring,,,,75.0,75.0,
11503,Cat,Oh My God Academy,2016,Spring,,,,75.0,75.0,
11505,Chengzi,Oh My God Academy,2016,Spring,,,,75.0,75.0,
11508,Clid,Newbee Young,2016,Spring,,,,75.0,75.0,
11509,Clowz,Young Miracles,2016,Spring,,,,75.0,75.0,
11512,DeuL,Wan Yoo,2016,Spring,,,,75.0,75.0,
11513,Dingbo,Young Glory,2016,Spring,,,,75.0,75.0,
11514,Elinke,MF Gaming,2016,Spring,,,,75.0,75.0,
11526,Jaden,Team WE Future,2016,Spring,,,,75.0,75.0,
11527,Jiekou,Oh My God Academy,2016,Spring,,,,75.0,75.0,
11532,Kailai,Young Glory,2016,Spring,,,,75.0,75.0,
11533,Kailai,Young Glory,2016,Spring,,,,75.0,75.0,
11534,Khan,Newbee Young,2016,Spring,,,,75.0,75.0,
11535,LaoZhou,Oh My God Academy,2016,Spring,,,,75.0,75.0,
11537,Luo,Newbee Young,2016,Spring,,,,75.0,75.0,
11540,Maps,Wan Yoo,2016,Spring,,,,75.0,75.0,
11541,Ming,Young Miracles,2016,Spring,,,,75.0,75.0,
11542,Mushroom,MF Gaming,2016,Spring,,,,75.0,75.0,
11546,Ning,Young Miracles,2016,Spring,,,,75.0,75.0,
11547,Ning,Young Miracles,2016,Spring,,,,75.0,75.0,
11548,NonVerbal,Team WE Future,2016,Spring,,,,75.0,75.0,
11550,Ori,MF Gaming,2016,Spring,,,,75.0,75.0,
11554,Profit,Young Glory,2016,Spring,,,,75.0,75.0,
11556,QiuShui,Young Glory,2016,Spring,,,,75.0,75.0,
11559,Riris,Revenger,2016,Spring,,,,75.0,75.0,
11560,Riris,Revenger,2016,Spring,,,,75.0,75.0,
11565,Seok1,Wan Yoo,2016,Spring,,,,75.0,75.0,
11566,Sixsix9,Wan Yoo,2016,Spring,,,,75.0,75.0,
11571,Starlight,Revenger,2016,Spring,,,,75.0,75.0,
11576,Viper,Young Miracles,2016,Spring,,,,75.0,75.0,
11578,West,Team WE Future,2016,Spring,,,,75.0,75.0,
11583,Xintai,MF Gaming,2016,Spring,,,,75.0,75.0,
11587,YuZhe,Newbee Young,2016,Spring,,,,75.0,75.0,
11588,ZhouFang,Team WE Future,2016,Spring,,,,75.0,75.0,
11589,Zoom,MF Gaming,2016,Spring,,,,75.0,75.0,
11593,cyeol,Revenger,2016,Spring,,,,75.0,75.0,
11596,illusion,Young Glory,2016,Spring,,,,75.0,75.0,
11597,jingjun,Revenger,2016,Spring,,,,75.0,75.0,
11603,marilyn,Young Miracles,2016,Spring,,,,75.0,75.0,
11604,nanzhu,Young Glory,2016,Spring,,,,75.0,75.0,
11608,tale,Oh My God Academy,2016,Spring,,,,75.0,75.0,
11612,yellowman,Revenger,2016,Spring,,,,75.0,75.0,
11613,yueyueyue,Wan Yoo,2016,Spring,,,,75.0,75.0,
11614,yuyanjia,Team WE Future,2016,Spring,,,,75.0,75.0,
11721,Acorn,Saint Gaming,2017,Spring,,,,75.0,75.0,
11724,Avoidless,Suning,2017,Spring,,,,75.0,75.0,
11727,Bing,Saint Gaming,2017,Spring,,,,75.0,75.0,
11729,Cat,DAN Gaming,2017,Spring,,,,75.0,75.0,
11739,Dian,Suning,2017,Spring,,,,75.0,75.0,
11741,Fury,Suning,2017,Spring,,,,75.0,75.0,
11743,Ggoong,DAN Gaming,2017,Spring,,,,75.0,75.0,
11750,Karin,DAN Gaming,2017,Spring,,,,75.0,75.0,
11753,Langx,Suning,2017,Spring,,,,75.0,75.0,
11756,Lies,DAN Gaming,2017,Spring,,,,75.0,75.0,
11769,Police,DS Gaming,2017,Spring,,,,75.0,75.0,
11771,QiuQiu,DAN Gaming,2017,Spring,,,,75.0,75.0,
11786,Xintai,DS Gaming,2017,Spring,,,,75.0,75.0,
11787,Yoon,Suning,2017,Spring,,,,75.0,75.0,
11792,Zoom,DS Gaming,2017,Spring,,,,75.0,75.0,
11795,chimin,Saint Gaming,2017,Spring,,,,75.0,75.0,
11796,chimin,Saint Gaming,2017,Spring,,,,75.0,75.0,
11797,cyeol,DS Gaming,2017,Spring,,,,75.0,75.0,
11807,x1u,Saint Gaming,2017,Spring,,,,75.0,75.0,
11808,xQ,Saint Gaming,2017,Spring,,,,75.0,75.0,
11811,xiaopeng,DS Gaming,2017,Spring,,,,75.0,75.0,
12097,Almighty,RGA,2017,Summer,50.0,60.95775622968044,52.23593275942178,,50.0,50.0
12101,BeryL,MiraGe Gaming,2017,Summer,87.33496766127561,79.08359824082393,95.27426204262872,,56.435408856453414,91.37048550577197
12107,Crush,MiraGe Gaming,2017,Summer,95.18847276097141,80.1113655275095,80.70753400423908,,100.0,86.98913232502557
12112,Drizzle,RGA,2017,Summer,56.744621943991376,65.48946496090068,52.391144248337746,,52.8117186706398,54.857065687556315
12120,Hoit,MiraGe Gaming,2017,Summer,95.76511533062262,85.69264670910303,84.69368420329313,,100.0,92.48354333318886
12133,Parang,MiraGe Gaming,2017,Summer,84.86799451231865,82.7152443721933,90.61614564051776,,91.1616565928474,88.65942603257805
12135,Poss,RGA,2017,Summer,56.13772029446695,65.53154864339712,53.5965892581861,,50.0,54.883851830020085
12149,TaNa,RGA,2017,Summer,50.0,67.14476928797583,50.0,,51.95681451346056,50.0
12152,Try,MiraGe Gaming,2017,Summer,87.54297091362959,74.77717214583,92.54419220517997,,75.67791909819672,87.15506122158325
12156,moment,RGA,2017,Summer,53.2670576638425,66.6259203698972,52.444772995256315,,50.619066232670235,53.97971149573722
12952,Acorn,Saint Gaming,2016,Summer,,,,75.0,75.0,
12977,Happy,Newbee,2016,Summer,,,,75.0,75.0,
12996,Mor,Newbee,2016,Summer,,,,75.0,75.0,
12999,OTTO,Saint Gaming,2016,Summer,,,,75.0,75.0,
13014,Swift,Newbee,2016,Summer,,,,75.0,75.0,
13018,V,Newbee,2016,Summer,,,,75.0,75.0,
13029,chimin,Saint Gaming,2016,Summer,,,,75.0,75.0,
13030,dade,Newbee,2016,Summer,,,,75.0,75.0,
13035,x1u,Saint Gaming,2016,Summer,,,,75.0,75.0,
13036,xQ,Saint Gaming,2016,Summer,,,,75.0,75.0,
13040,957,Team WE,2017,Spring,,,,75.0,75.0,
13045,Baolan,Invictus Gaming,2017,Spring,,,,75.0,75.0,
13046,Ben,Team WE,2017,Spring,,,,75.0,75.0,
13049,Bvoy,Royal Club,2017,Spring,,,,75.0,75.0,
13051,COLD,Oh My God,2017,Spring,,,,75.0,75.0,
13056,Clowz,Young Miracles,2017,Spring,,,,75.0,75.0,
13058,Condi,Team WE,2017,Spring,,,,75.0,75.0,
13060,Corn,Royal Club,2017,Spring,,,,75.0,75.0,
13065,Duke,Invictus Gaming,2017,Spring,,,,75.0,75.0,
13067,Easyhoon,Vici Gaming,2017,Spring,,69.43586023124375,56.08974183566288,75.0,75.0,60.3922221823984
13069,Fireloli,EDward Gaming,2017,Spring,,,,75.0,75.0,
13076,Happy,Newbee,2017,Spring,,,,75.0,75.0,
13078,Humble,EDward Gaming,2017,Spring,,,,75.0,75.0,
13079,ICON,Oh My God,2017,Spring,,,,75.0,75.0,
13084,Juejue,Oh My God,2017,Spring,,,,75.0,75.0,
13085,Juejue,Oh My God,2017,Spring,,,,75.0,75.0,
13087,Kid,Invictus Gaming,2017,Spring,,,,75.0,75.0,
13088,Kid,Invictus Gaming,2017,Spring,,,,75.0,75.0,
13090,Letme,Royal Club,2017,Spring,,,,75.0,75.0,
13091,Letme,Royal Never Give Up,2017,Spring,,,,75.0,75.0,
13092,Ley,Royal Club,2017,Spring,,,,75.0,75.0,
13097,Meiko,EDward Gaming,2017,Spring,,,,75.0,75.0,
13098,Ming,Royal Never Give Up,2017,Spring,,,,75.0,75.0,
13099,Ming,Young Miracles,2017,Spring,,,,75.0,75.0,
13104,Mor,Newbee,2017,Spring,,,,75.0,75.0,
13106,Mystic,Team WE,2017,Spring,,,,75.0,75.0,
13107,Ning,Young Miracles,2017,Spring,,,,75.0,75.0,
13109,Peng,Vici Gaming,2017,Spring,,71.37960145396937,55.56605206636433,75.0,75.0,55.19495279556017
13111,Rio,Invictus Gaming,2017,Spring,,,,75.0,75.0,
13113,Rookie,Invictus Gaming,2017,Spring,,,,75.0,75.0,
13115,Scout,EDward Gaming,2017,Spring,,,,75.0,75.0,
13117,Smlz,Oh My God,2017,Spring,,,,75.0,75.0,
13122,Swift,Newbee,2017,Spring,,,,75.0,75.0,
13125,V,Newbee,2017,Spring,,,,75.0,75.0,
13126,Viper,Young Miracles,2017,Spring,,,,75.0,75.0,
13129,World6,Oh My God,2017,Spring,,,,75.0,75.0,
13133,Xiyang,Oh My God,2017,Spring,,,,75.0,75.0,
13136,Zet,EDward Gaming,2017,Spring,,,,75.0,75.0,
13141,dade,Newbee,2017,Spring,,,,75.0,75.0,
13144,inSec,Royal Club,2017,Spring,,,,75.0,75.0,
13147,marilyn,Young Miracles,2017,Spring,,,,75.0,75.0,
13151,xiye,Team WE,2017,Spring,,,,75.0,75.0,
13153,957,Team WE,2017,Summer,,,,75.0,75.0,
13159,Babi9,Suning,2017,Summer,,,,75.0,75.0,
13160,Banks,Suning,2017,Summer,,,,75.0,75.0,
13162,Ben,Team WE,2017,Summer,,,,75.0,75.0,
13164,Bengi,Vici Gaming,2017,Summer,,,,75.0,75.0,
13167,COLD,Oh My God,2017,Summer,,,,75.0,75.0,
13168,Cat,DAN Gaming,2017,Summer,,,,75.0,75.0,
13173,Condi,Team WE,2017,Summer,,,,75.0,75.0,
13179,Duan,Vici Gaming,2017,Summer,,,,75.0,75.0,
13181,Easyhoon,Vici Gaming,2017,Summer,,,,75.0,75.0,
13184,Fenfen,Suning,2017,Summer,,,,75.0,75.0,
13189,Ggoong,DAN Gaming,2017,Summer,,,,75.0,75.0,
13190,GimGoon,Game Talents,2017,Summer,,,,75.0,75.0,
13191,GodV,LGD Gaming,2017,Summer,,,,75.0,75.0,
13192,Grail,Game Talents,2017,Summer,,,,75.0,75.0,
13194,H4cker,Suning,2017,Summer,,,,75.0,75.0,
13199,ICON,Oh My God,2017,Summer,,,,75.0,75.0,
13200,Jiekou,Oh My God,2017,Summer,,,,75.0,75.0,
13201,Jiekou,Oh My God,2017,Summer,,,,75.0,75.0,
13203,Jinoo,LGD Gaming,2017,Summer,,,,75.0,75.0,
13205,Karin,DAN Gaming,2017,Summer,,,,75.0,75.0,
13211,Letme,Royal Never Give Up,2017,Summer,,,,75.0,75.0,
13212,Lies,DAN Gaming,2017,Summer,,,,75.0,75.0,
13214,Loong,Vici Gaming,2017,Summer,,,,75.0,75.0,
13217,Lz,Suning,2017,Summer,,,,75.0,75.0,
13219,Ming,Royal Never Give Up,2017,Summer,,,,75.0,75.0,
13220,Mlxg,Royal Never Give Up,2017,Summer,,,,75.0,75.0,
13224,Mystic,Team WE,2017,Summer,,,,75.0,75.0,
13229,QiuQiu,DAN Gaming,2017,Summer,,,,75.0,75.0,
13232,Savoki,Game Talents,2017,Summer,,,,75.0,75.0,
13236,Smlz,Oh My God,2017,Summer,,,,75.0,75.0,
13241,Uzi,Royal Never Give Up,2017,Summer,,,,75.0,75.0,
13244,West,Game Talents,2017,Summer,,,,75.0,75.0,
13245,West,Invictus Gaming,2017,Summer,,,,75.0,75.0,
13247,World6,Oh My God,2017,Summer,,,,75.0,75.0,
13250,Xiaohu,Royal Never Give Up,2017,Summer,,,,75.0,75.0,
13252,Xiyang,Oh My God,2017,Summer,,,,75.0,75.0,
13253,XuanXuanPi,Vici Gaming,2017,Summer,,,,75.0,75.0,
13258,aqiu,Game Talents,2017,Summer,,,,75.0,75.0,
13259,eimy,LGD Gaming,2017,Summer,,,,75.0,75.0,
13262,imp,LGD Gaming,2017,Summer,,,,75.0,75.0,
13265,pyl,LGD Gaming,2017,Summer,,,,75.0,75.0,
13267,xiye,Team WE,2017,Summer,,,,75.0,75.0,
13271,957,Team WE,2018,Spring,,,,75.0,,
13276,Ben,Team WE,2018,Spring,,,,75.0,,
13278,COLD,Oh My God,2018,Spring,,,,75.0,,
13297,Flandre,Snake Esports,2018,Spring,,,,75.0,,
13302,Guoguo,Snake Esports,2018,Spring,,,,75.0,,
13306,Hudie,Snake Esports,2018,Spring,,,,75.0,,
13307,ICON,Oh My God,2018,Spring,,,,75.0,,
13309,Jiekou,Oh My God,2018,Spring,,,,75.0,,
13310,Jiekou,Oh My God,2018,Spring,,,,75.0,,
13328,Magic,Team WE,2018,Spring,,,,75.0,,
13331,Melon,Team WE,2018,Spring,,,,75.0,,
13337,Mystic,Team WE,2018,Spring,,,,75.0,,
13348,SofM,Snake Esports,2018,Spring,,,,75.0,,
13356,Xiyang,Oh My God,2018,Spring,,,,75.0,,
13364,babo,Team WE,2018,Spring,,,,75.0,,
13365,chel1y,Oh My God,2018,Spring,,,,75.0,,
13369,kRYST4L,Snake Esports,2018,Spring,,,,75.0,,
13373,xiye,Team WE,2018,Spring,,,,75.0,,
13385,COLD,Oh My God,2018,Summer,,,,,,
13389,Clid,JD Gaming,2018,Summer,,,,,,
13416,ICON,Oh My God,2018,Summer,,,,,,
13429,LokeN,JD Gaming,2018,Summer,,,,,,
13430,LvMao,JD Gaming,2018,Summer,,,,,,
13465,World6,Oh My God,2018,Summer,,,,,,
13469,Xiyang,Oh My God,2018,Summer,,,,,,
13473,Yagao,JD Gaming,2018,Summer,,,,,,
13477,Zoom,JD Gaming,2018,Summer,,,,,,
13481,chel1y,Oh My God,2018,Summer,,,,,,
13489,369,Top Esports,2019,Spring,,,,,,
13491,Aix,Vici Gaming,2019,Spring,,,,,,
13492,Ale,Oh My God,2019,Spring,,,,,,
13497,Asura,Snake Esports,2019,Spring,,,,,,
13499,Baolan,Invictus Gaming,2019,Spring,,,,,,
13500,Ben,Top Esports,2019,Spring,,,,,,
13505,COLD,Oh My God,2019,Spring,,,,,,
13512,Corn,Victory Five,2019,Spring,,,,,,
13513,Crisp,FunPlus Phoenix,2019,Spring,,,,,,
13514,DanChung,Snake Esports,2019,Spring,,,,,,
13516,Doinb,FunPlus Phoenix,2019,Spring,,,,,,
13517,Duke,Invictus Gaming,2019,Spring,,,,,,
13518,Fenfen,Snake Esports,2019,Spring,,,,,,
13519,Flandre,Snake Esports,2019,Spring,,,,,,
13522,GimGoon,FunPlus Phoenix,2019,Spring,,,,,,
13523,Gloria,Rogue Warriors,2019,Spring,,,,,,
13525,H4cker,Suning,2019,Spring,,,,,,
13528,Huanggai,Rogue Warriors,2019,Spring,,,,,,
13529,ICON,Oh My God,2019,Spring,,,,,,
13531,JackeyLove,Invictus Gaming,2019,Spring,,,,,,
13532,Jay,Vici Gaming,2019,Spring,,,,,,
13534,Jinoo,Victory Five,2019,Spring,,,,,,
13537,Knight,Top Esports,2019,Spring,,,,,,
13540,Langx,Suning,2019,Spring,,,,,,
13542,Ley,Victory Five,2019,Spring,,,,,,
13544,LokeN,Top Esports,2019,Spring,,,,,,
13546,Lwx,FunPlus Phoenix,2019,Spring,,,,,,
13548,Maestro,Snake Esports,2019,Spring,,,,,,
13550,MaiX,Rogue Warriors,2019,Spring,,,,,,
13551,MaiX,Rogue Warriors,2019,Spring,,,,,,
13552,Maple,Suning,2019,Spring,,,,,,
13562,Ning,Invictus Gaming,2019,Spring,,,,,,
13565,Puff,Vici Gaming,2019,Spring,,,,,,
13569,Rookie,Invictus Gaming,2019,Spring,,,,,,
13571,Smlz,Suning,2019,Spring,,,,,,
13572,SofM,Snake Esports,2019,Spring,,,,,,
13573,Southwind,Vici Gaming,2019,Spring,,,,,,
13574,SwordArt,Suning,2019,Spring,,,,,,
13577,Tian,FunPlus Phoenix,2019,Spring,,,,,,
13583,XiaoYao,Rogue Warriors,2019,Spring,,,,,,
13586,Xx,Top Esports,2019,Spring,,,,,,
13587,Y1han,Victory Five,2019,Spring,,,,,,
13590,ZWuJi,Rogue Warriors,2019,Spring,,,,,,
13591,Zdz,Vici Gaming,2019,Spring,,,,,,
13596,chel1y,Oh My God,2019,Spring,,,,,,
13601,l3est16,Oh My God,2019,Spring,,,,,,
13606,y4,Victory Five,2019,Spring,,,,,,
13736,Aix,Vici Gaming,2020,Spring,,,,,,
13740,Aodi,EDward Gaming,2020,Spring,,,,,,
13742,Asura,LNG Esports,2020,Spring,,,,,,
13750,Crazy,Rogue Warriors,2020,Spring,,,,,,
13753,Cube,Vici Gaming,2020,Spring,,,,,,
13756,Duan,LNG Esports,2020,Spring,,,,,,
13757,Elk,Team WE,2020,Spring,,,,,,
13760,Flandre,LNG Esports,2020,Spring,,,,,,
13762,Forge,Vici Gaming,2020,Spring,,,,,,
13766,Hang,Vici Gaming,2020,Spring,,,,,,
13767,Haro,Rogue Warriors,2020,Spring,,,,,,
13769,Hope,EDward Gaming,2020,Spring,,,,,,
13774,Jiejie,EDward Gaming,2020,Spring,,,,,,
13776,Jinoo,EDward Gaming,2020,Spring,,,,,,
13777,JunJia,EDward Gaming,2020,Spring,,,,,,
13781,Killua,LGD Gaming,2020,Spring,,,,,,
13784,Kramer,LGD Gaming,2020,Spring,,,,,,
13786,Ley,Rogue Warriors,2020,Spring,,,,,,
13788,Lies,LGD Gaming,2020,Spring,,,,,,
13793,MISSING,Team WE,2020,Spring,,,,,,
13795,Maple,LNG Esports,2020,Spring,,,,,,
13797,Meiko,EDward Gaming,2020,Spring,,,,,,
13802,Morgan,Team WE,2020,Spring,,,,,,
13804,Peanut,LGD Gaming,2020,Spring,,,,,,
13809,Ruby,Rogue Warriors,2020,Spring,,,,,,
13810,Scout,EDward Gaming,2020,Spring,,,,,,
13816,Teacherma,Team WE,2020,Spring,,,,,,
13824,Wuming,Rogue Warriors,2020,Spring,,,,,,
13830,Xx,LNG Esports,2020,Spring,,,,,,
13832,Yuuki,LGD Gaming,2020,Spring,,,,,,
13833,ZWuJi,Rogue Warriors,2020,Spring,,,,,,
13836,beishang,Team WE,2020,Spring,,,,,,
13844,iBoy,Vici Gaming,2020,Spring,,,,,,
13852,369,Top Esports,2020,Summer,,,,,,
13889,Hope,EDward Gaming,2020,Summer,,,,,,
13892,JackeyLove,Top Esports,2020,Summer,,,,,,
13894,JunJia,EDward Gaming,2020,Summer,,,,,,
13897,Karsa,Top Esports,2020,Summer,,,,,,
13898,Khan,FunPlus Phoenix,2020,Summer,96.10813282047134,78.85187559735147,84.68553896080942,,65.58036324236222,98.02919339942972
13902,Knight,Top Esports,2020,Summer,,,,,,
13903,Kramer,LGD Gaming,2020,Summer,,,,,,
13904,Langx,LGD Gaming,2020,Summer,,,,,,
13914,Mark,LGD Gaming,2020,Summer,,,,,,
13915,Meiko,EDward Gaming,2020,Summer,,,,,,
13923,Peanut,LGD Gaming,2020,Summer,,,,,,
13928,Scout,EDward Gaming,2020,Summer,,,,,,
13948,Xiaoxiang,EDward Gaming,2020,Summer,,,,,,
13968,xiye,LGD Gaming,2020,Summer,,,,,,
13969,y4,Victory Five,2020,Summer,58.1231078939092,75.49518336546859,59.16868905704707,,57.47493394442081,59.601162760666725
13970,yuyanjia,Top Esports,2020,Summer,,,,,,
13973,Aix,Rare Atom,2021,Spring,50.0,70.31737895573751,52.96145712375377,,54.09771833425859,50.0
13974,Aki,Oh My God,2021,Spring,,,,,,
13979,Baolan,Invictus Gaming,2021,Spring,,,,,,
13987,COLD,Oh My God,2021,Spring,,,,,,
13992,Cube,Rare Atom,2021,Spring,,,,,,
13995,Eric,Oh My God,2021,Spring,,,,,,
13998,Flora,LGD Gaming,2021,Spring,52.33184963447409,68.48791075866458,53.87939119119622,,50.0,52.81203586934953
13999,FoFo,Rare Atom,2021,Spring,,,,,,
14002,Garvey,LGD Gaming,2021,Spring,60.924749379426935,68.13810274972298,57.8132332813815,,63.7971337910586,64.23150841379307
14003,Garvey,LGD Gaming,2021,Spring,63.86331146681112,70.32001481272167,65.94623558926872,,58.99437995598312,65.59950125480141
14005,Hang,Rare Atom,2021,Spring,,,,,,
14008,ICON,LNG Esports,2021,Spring,,,,,,
14009,Insulator,eStar,2021,Spring,54.968474822950235,69.19047903035445,52.257648232665176,,50.0,56.162772775375316
14010,Invincible,Victory Five,2021,Spring,53.44256494147507,69.42677397316378,52.2666925805821,,50.0,53.3138949692032
14011,Iwandy,LNG Esports,2021,Spring,,,,,,
14017,Kane,Oh My God,2021,Spring,51.733829561972,68.47808701730747,52.395256146308185,,50.0,50.5553723070847
14023,Leyan,Rare Atom,2021,Spring,,,,,,
14024,Light,LNG Esports,2021,Spring,,,,,,
14035,New,Oh My God,2021,Spring,,,,,,
14042,Rookie,Invictus Gaming,2021,Spring,,,,,,
14047,Tarzan,LNG Esports,2021,Spring,,,,,,
14049,TheShy,Invictus Gaming,2021,Spring,,,,,,
14057,Wink,Invictus Gaming,2021,Spring,,,,,,
14058,Wuming,Oh My God,2021,Spring,,,,,,
14061,Xun,Invictus Gaming,2021,Spring,,,,,,
14063,Yimeng,Team WE,2021,Spring,51.31593182155,69.8520044165094,51.363303666854016,,50.0,50.97332351968062
14073,hulatang,LNG Esports,2021,Spring,,,,,,
14074,iBoy,Rare Atom,2021,Spring,,,,,,
14076,kelin,Rogue Warriors,2021,Spring,58.638246360223455,68.88989127839614,62.13571665197776,,51.418655446661305,57.015909712549856
14080,xiye,JD Gaming,2021,Spring,50.0,70.0,50.0,,50.0,50.0
14933,Able,Royal Never Give Up,2018,Summer,,,,75.0,75.0,
14934,AmazingJ,Bilibili Gaming,2018,Summer,,,,75.0,75.0,
14938,Chieftain,Bilibili Gaming,2018,Summer,,,,75.0,75.0,
14940,Doinb,Rogue Warriors,2018,Summer,,,,75.0,75.0,
14943,Flawless,Rogue Warriors,2018,Summer,,,,75.0,75.0,
14950,Jinjiao,Bilibili Gaming,2018,Summer,,,,75.0,75.0,
14951,Karsa,Royal Never Give Up,2018,Summer,,,,75.0,75.0,
14952,Killua,Rogue Warriors,2018,Summer,,,,75.0,75.0,
14958,Ming,Royal Never Give Up,2018,Summer,,,,75.0,75.0,
14959,Mole,Bilibili Gaming,2018,Summer,,,,75.0,75.0,
14960,Mouse,Rogue Warriors,2018,Summer,,,,75.0,75.0,
14963,Road,Bilibili Gaming,2018,Summer,,,,75.0,75.0,
14966,Smlz,Rogue Warriors,2018,Summer,,,,75.0,75.0,
14969,Xiaohu,Royal Never Give Up,2018,Summer,,,,75.0,75.0,
14972,Zz1tai,Royal Never Give Up,2018,Summer,,,,75.0,75.0,
16031,Jarvis,Team Flash,2021,Winter,,,,,,
16033,Jetsu,Team Flash,2021,Winter,,,,,,
16038,Marcus,Team Flash,2021,Winter,,,,,,
16039,Marcus,Team Flash,2021,Winter,,,,,,
16051,Soraaa,Team Flash,2021,Winter,,,,,,
17950,725,Unlimited Potential,2019,Spring,50.77989288747672,69.41601083681518,,,50.0,51.06127774875857
17951,925,Victorious Gaming,2019,Spring,68.79277760326987,70.72790754902923,,,50.0,77.18902985810834
17958,Alielie,Bilibili Gaming Junior,2019,Spring,,,,,,
17963,Apii,Vici Gaming Potential,2019,Spring,,63.009210815465046,59.32471916473246,73.12980315596575,50.0,63.05505480593325
17965,As6,SinoDragon Prince,2019,Spring,56.68621193872141,67.3112162977001,,,50.0,55.44360388822358
17966,As6,SinoDragon Prince,2019,Spring,53.26492643483534,64.48606493512904,,,50.0,58.937868125343556
17968,Babi9,Suning-S,2019,Spring,,,,,,
17970,Bbay,Suning-S,2019,Spring,59.29591369508725,72.07161612502448,,,55.846359168260705,62.862699110478815
17971,Beichen,Oh My God Academy,2019,Spring,71.46998995035187,77.53117927998669,73.22985661524137,,50.0,72.37194853982757
17973,Bin,Suning-S,2019,Spring,,,,,,
17980,Chelizi,Vici Gaming Potential,2019,Spring,57.645956870957676,69.6867259466562,,71.11915658347175,50.0,56.76339818808433
17981,Cherub,Triumphant Song Gaming,2019,Spring,50.23274235307984,69.8314255683351,50.80859569012059,,55.380143353715695,50.0
17983,Clap,Victorious Gaming,2019,Spring,58.14518666755417,69.94902141739169,,,53.482368957780196,57.661633985604794
17984,Clever9,Team WE Academy,2019,Spring,58.11729854798497,70.59359427319531,57.88532524301012,,53.96913295899962,53.55965271963266
17985,Cruel,Suning-S,2019,Spring,,,,,,
17987,Dustwind,Vici Gaming Potential,2019,Spring,,77.86640139521784,84.56386256037808,79.60372188560356,89.74250319441975,94.18232378958142
17988,Dustwind,Vici Gaming Potential,2019,Spring,87.4669787325851,64.58429994593672,,77.14329234561335,63.834730057890326,90.58411166968637
17989,Dustwind,Vici Gaming Potential,2019,Spring,89.97370162894072,71.32176356392976,78.76423116694211,,93.48152000287686,89.64821313120879
17991,Eisley,SinoDragon Prince,2019,Spring,100.0,66.990476006405,,,50.0,100.0
17992,Eisley,SinoDragon Prince,2019,Spring,80.43805582723326,58.065720148523035,,,50.0,90.21109977810391
17997,Fan,Oh My God Academy,2019,Spring,66.81774470235764,79.11327636350931,66.74782012670596,,68.01612118242883,72.01660910333288
18001,FengXian,Rogue Warriors Shark,2019,Spring,53.16289645480139,69.81042431792628,54.1507836303144,,50.0,55.72448335045951
18004,GDKirito,Gama Dream,2019,Spring,51.74507571356831,70.9428028837318,,,52.86822263345771,53.075981122258675
18005,GDPYB,Gama Dream,2019,Spring,57.316446567340854,70.8563473877001,,,,56.99379404178159
18006,GDreal,Gama Dream,2019,Spring,73.80272740436047,70.22949508570584,62.51852648350335,,63.02427592981496,70.24663204741351
18007,GYX,Snake WuDu,2019,Spring,59.73642689807145,73.46537061884592,56.736675927974936,,62.87048425511615,61.79859419163981
18008,Godlou,Shu Dai Xiong Gaming,2019,Spring,54.2182166221965,70.4830231196999,51.9688733633434,,51.46671795036277,54.3026097969658
18010,HanXuan,Bilibili Gaming Junior,2019,Spring,,,,,,
18012,Helper,Legend Esport Gaming,2019,Spring,58.9424355157381,76.79998130089656,62.4510074967193,,63.8759567700013,59.45396982396039
18013,Hepcat,Snake WuDu,2019,Spring,,69.84008889988411,50.431827573413926,70.0,50.0,50.0
18016,Huanggai,Rogue Warriors Shark,2019,Spring,75.3860972037687,79.44656016411001,,,75.12606183163128,81.2891277863539
18018,HwQ,Scorpio Game,2019,Spring,78.95168168323359,72.5532253464136,71.73309252952745,,100.0,72.5712331979425
18028,Kiy1n9,Shu Dai Xiong Gaming,2019,Spring,73.2097617990766,80.66401655367198,71.24067822036858,,60.16483924423203,75.64804800837598
18030,Kore,V5 87,2019,Spring,79.5512194118637,83.86561477255438,,,90.55896636924687,83.14512585903796
18035,LiLian,SinoDragon Prince,2019,Spring,53.333726320053046,62.51854566523582,,,50.0,54.72463675210356
18037,M03,Bilibili Gaming Junior,2019,Spring,,71.77626094030524,53.9184092805526,71.27700817619056,50.0,53.51088220240821
18038,M1anhua,Bilibili Gaming Junior,2019,Spring,,,,,,
18039,MaRco,Young Miracles,2019,Spring,62.43226414620409,75.27272952310184,,,50.0,68.59966007191579
18041,Martin,LinGan e-Sports,2019,Spring,80.20843146144082,87.7237731559941,,,89.73714247961288,82.4154496232949
18042,Martin,LinGan e-Sports,2019,Spring,64.83599618342481,77.99718333218132,64.74502757526241,,50.0,71.34393517128987
18043,Medusa,Oh My God Academy,2019,Spring,54.421067692959845,71.61766510452328,,,50.0,59.02183705508078
18044,Michi,Unlimited Potential,2019,Spring,64.46578793076323,78.26636389850293,,,72.33157253687084,68.48669508221046
18045,Mine,Joy Dream,2019,Spring,65.49141799742405,81.32786083168007,68.076843537586,,66.80178272027868,71.37540368601579
18047,Mint,Victorious Gaming,2019,Spring,77.24211521789195,78.53855879928918,79.82264465339118,,73.36463242547575,78.25114747746457
18049,Mius,Shu Dai Xiong Gaming,2019,Spring,60.06700025919603,76.38145659179425,66.32301542761643,,53.297945756184845,64.70283155880196
18051,Nailao,Royal Club,2019,Spring,63.18617687265759,73.52288684641124,61.43366715171503,,60.58047475911547,61.739949201366066
18056,Puzzle,Young Miracles,2019,Spring,55.335129071141644,72.17081299709486,,,57.48882876413565,55.49211046343297
18057,Puzzle,Young Miracles,2019,Spring,,71.81512487399186,53.71498653111205,70.0,50.0,52.11883781055589
18062,S1aytrue,Royal Club,2019,Spring,65.89414456416475,72.7177511111246,,,50.0,73.09470694415498
18063,SWDlxlyc,Snake WuDu,2019,Spring,73.67552676849682,78.0010949672942,73.4678971636876,,50.0,76.74617422185779
18065,Savoki,Victorious Gaming,2019,Spring,54.650934234229986,69.11821791996951,,,50.0,53.320635299823365
18069,Smiths,Royal Club,2019,Spring,50.006700759476146,70.0,50.0,,50.0,50.0
18072,Strive,Vici Gaming Potential,2019,Spring,61.89630395796568,69.55326456271682,57.63297240739033,,69.88699472051205,61.152929391071304
18073,TS,Royal Club,2019,Spring,50.002436242211274,70.08821307003073,,,53.175087545172985,50.14600227639439
18074,TT.YS02,SinoDragon Prince,2019,Spring,,69.03818903801364,51.31282140621602,70.0,50.0,50.83769387309646
18075,TTS,VP Game,2019,Spring,80.8851679707354,80.00318656682923,75.01185037547785,,67.3979999097046,91.66550262134362
18080,Try9,Scorpio Game,2019,Spring,88.09404778058854,78.286154436806,59.691226776370804,,50.0,86.82038077819197
18082,View,Suning-S,2019,Spring,,,,,,
18084,Vortex,Bilibili Gaming Junior,2019,Spring,50.96808420361924,72.65156903556512,,,68.33640360281325,51.20397064616098
18085,Wei,Young Miracles,2019,Spring,,71.49671060659637,55.57707117901162,70.64059552609177,50.0,55.40845347907063
18087,Weidi,Gama Dream,2019,Spring,50.05262287545219,69.26416446806971,,,50.0,50.0
18089,Wings,Bilibili Gaming Junior,2019,Spring,,,,,,
18097,XLong,V5 87,2019,Spring,75.0048947492024,73.11315454789558,,,53.29746525708326,74.60286050555169
18101,Xiaoali,Joy Dream,2019,Spring,,71.30072372621557,52.77051907018316,70.0,55.20028726613657,51.751066627814396
18103,Xiaochao,Vici Gaming Potential,2019,Spring,,68.31511814825772,53.445189576298894,71.22581698818452,50.0,58.44638601711178
18107,Xsq,VP Game,2019,Spring,92.43015595496955,77.85639275460544,88.89268237580825,,50.0,98.70533528149693
18109,Xzz,VP Game,2019,Spring,53.86982632733482,70.2209511694258,,,50.0,53.12785127042497
18114,Yui,Bilibili Gaming Junior,2019,Spring,,,,,,
18115,Zdz,Vici Gaming Potential,2019,Spring,56.834498844831934,69.39518684214752,,,53.77030639808878,54.35124958328838
18129,fearness,EDG Youth Team,2019,Spring,77.37076310200985,76.34391207103397,62.6940497640102,,69.61081667636725,72.05895177975464
18131,guxi,Triumphant Song Gaming,2019,Spring,,69.36628123147466,50.03881718531357,70.26632418722556,68.33747570420992,50.0
18137,justsoso,Team WE Academy,2019,Spring,58.44547028666527,70.9135593303691,,,54.682258718844,62.23183050731643
18138,lffzzz,V5 87,2019,Spring,50.58753741989102,70.15630682747697,,,50.0,50.0
18139,lilac,Suning-S,2019,Spring,,,,,,
18141,melody,SinoDragon Prince,2019,Spring,84.55252529534009,67.11263549669945,,,50.0,71.17788593102158
18143,nanzhu,Gama Dream,2019,Spring,,71.31778610062437,55.40993691323906,71.04786907489411,61.78997486240989,55.7643054158707
18149,sqb,Gama Dream,2019,Spring,,71.88389578863416,52.39073167460111,70.80918101172153,55.051382100795564,52.451115040371924
18155,yaoyao,Triumphant Song Gaming,2019,Spring,,70.39521655018603,54.49453635770702,70.35109222470874,50.0,53.59640476819099
18158,zs,Invictus Gaming Young,2019,Spring,53.871716983380736,70.0628807965769,52.74163482716154,,63.47847331666993,54.52472073978767
18159,1024,Top Esports Challenger,2019,Summer,59.05625011320383,67.51546668015604,51.665489626775084,,50.0,59.562447364653906
18160,1024,Top Esports Challenger,2019,Summer,56.81862209323,70.11329536997106,52.00808781392157,,53.05021559063457,58.79037873658932
18161,1220,LinGan e-Sports,2019,Summer,87.95220864279908,86.17667112063023,74.60804387802352,,79.46886628624308,76.58820982959462
18162,1874,Triumphant Song Gaming,2019,Summer,89.65420194305685,81.15551105107934,78.92988036535941,,50.0,88.44253291168783
18163,1874,Triumphant Song Gaming,2019,Summer,76.4086286027505,79.58319026273873,80.2904781927583,,50.0,85.50770736094856
18164,705,Invictus Gaming Young,2019,Summer,83.72227493794689,83.96663306530289,65.26005042303817,,73.99907138180978,88.90714746635419
18165,985,Vici Gaming Potential,2019,Summer,52.15780425541676,70.3535395725554,50.65911767352212,,50.0,51.913425151231884
18166,997,Victorious Gaming,2019,Summer,72.59273791154288,76.71767961005702,57.42904762066645,,65.81170349768249,70.18736210397009
18167,A02,Joy Dream,2019,Summer,88.97499716796852,76.8582391219733,58.90664734680423,,88.56203048895964,77.82563479305423
18168,AK,Top Esports Challenger,2019,Summer,81.4909541279707,87.09480359420157,67.25283652179094,,84.62962696967008,88.1984472778794
18169,Able,Royal Club,2019,Summer,81.25058615385828,76.15549009191437,56.17102975810411,,78.48242501427757,71.24937515842853
18170,Aix,Vici Gaming Potential,2019,Summer,64.95954641150503,77.42067971864967,58.982339809633544,,88.92275209667167,63.547941234692146
18171,Akaman,EDG Youth Team,2019,Summer,59.455655984994664,73.28636522839071,57.45077158824246,,51.867893359034326,59.31987864649042
18172,Aki,Top Esports Challenger,2019,Summer,56.32901718482772,70.30565105063646,53.356331438912775,,53.926799512391725,55.23341958509477
18173,Alielie,Bilibili Gaming Junior,2019,Summer,51.41019434187662,69.91721391040122,50.89144571385397,,50.0,51.92516232151979
18174,Alu,Young Miracles,2019,Summer,79.81881790955387,89.17461442867764,94.50777866650384,,52.44736541257129,96.03009608071652
18175,Alun,LinGan e-Sports,2019,Summer,87.03363538285672,88.21147109421403,65.42984961858075,,62.49206970034092,90.849047972688
18176,Andy,LNG Academy,2019,Summer,88.1765387544114,78.99675572760977,68.89483302250464,,59.775526903620374,82.27028999373637
18177,Andy,LNG Academy,2019,Summer,84.02656473847637,89.47782894467281,56.603218753211635,,100.0,82.27028999373637
18178,Avenger0,Shu Dai Xiong Gaming,2019,Summer,88.83725357484164,79.79573003391518,58.98125264454807,,90.30476875185028,79.41144173236884
18179,Bafang,Oh My God Academy,2019,Summer,84.60429625966252,83.3896446175199,84.19118867438388,,54.36176074128798,85.19162411920797
18180,Beichen,Oh My God Academy,2019,Summer,63.643416132820334,74.67352231403316,62.868453760440346,,65.87436469542837,65.24259149021826
18181,Bin,Suning-S,2019,Summer,84.69060909217063,82.64060835014797,60.77368431351952,,82.08081544950454,85.93992244046535
18182,BlueWhale,LNG Academy,2019,Summer,74.05722238216246,77.69317933193751,78.276643095002,,50.0,90.72613859425803
18183,BoWen,Rogue Warriors Shark,2019,Summer,60.43501253999378,70.12286411385531,54.31425781573047,,57.191553098704,62.14737210268453
18184,Brave,Gama Dream,2019,Summer,63.41652652032914,72.57338396200285,58.75029579173704,,67.87878198054919,70.41832969086397
18185,Bright,Oh My God Academy,2019,Summer,82.23465644164071,87.27342586941528,66.03063225663773,,75.45039365718925,77.75919160179197
18186,CJJ,Young Miracles,2019,Summer,84.34466901852592,83.66077486521287,60.6488610008106,,79.93100496772658,84.61654659748274
18187,Cake,Dominus Esports Young,2019,Summer,52.145788741352476,69.96337793860984,50.37721001614375,,55.38449624503619,51.53640130752271
18188,Cepted,FunPlus Phoenix Blaze,2019,Summer,84.11654306856538,81.17736781468595,64.10482716792764,,75.80532660356407,76.45613695619247
18189,Chance,Scorpio Game,2019,Summer,58.07135436670032,72.19417493188335,62.09282531086269,,50.0,64.95920622932505
18190,Chase,Rogue Warriors Shark,2019,Summer,84.07056634704651,75.12886824386302,57.177200638269554,,83.60758929474467,73.13148703028487
18191,Cheats,Triumphant Song Gaming,2019,Summer,62.14418596622501,69.97839898185902,56.38695749157547,,54.08894311923145,62.78786417021693
18192,Cherub,Triumphant Song Gaming,2019,Summer,71.56044583692967,72.57230060300576,55.0314938620779,,68.94555656193087,66.84370090755186
18193,Chieftain,Bilibili Gaming Junior,2019,Summer,87.06430889029485,84.90852661028813,74.9205492923739,,83.23809773681086,89.04010629392343
18194,Cixue,Top Esports Challenger,2019,Summer,80.84076256854985,83.38225401077017,67.63167246390583,,73.95736448754798,78.67699125268544
18195,Clap,Gama Dream,2019,Summer,62.53675973049552,75.27492692120113,53.98159852861015,,59.52048128098153,59.536561906197235
18196,Clay,EDG Youth Team,2019,Summer,50.0,70.02431281830985,50.00946143942914,,50.0,50.86414045947154
18197,Conquer,D7G Esports Club,2019,Summer,51.77726694064869,68.56462599659362,51.421422277530354,,50.0,53.02717906383288
18198,Coten,Team WE Academy,2019,Summer,78.26627759080876,81.43667067329395,59.66356685281665,,74.41699930050453,82.06968308066263
18199,Cruel,Suning-S,2019,Summer,51.233478424835596,70.08633518763973,51.48704888816145,,50.0,50.0
18200,Crush3,Victorious Gaming,2019,Summer,70.09384333373441,69.1008590236657,59.69752924514543,,53.48922515648831,68.35267285398125
18201,Cryin,Royal Club,2019,Summer,87.20043694390925,85.63461690757046,68.89513570195338,,86.27020781869808,76.0511505848598
18202,Cube,Vici Gaming Potential,2019,Summer,50.0,70.66414612332298,50.0,,50.0,50.0
18203,DT99,LinGan e-Sports,2019,Summer,52.236817534873666,69.18517082950872,51.76953186012502,,53.85779416683833,52.371268982826955
18204,DaiDai,V5 87,2019,Summer,82.99320303768579,77.36606330522723,69.37234304854591,,78.2990271165728,80.54682011362408
18205,Daylight,Rogue Warriors Shark,2019,Summer,84.94404118936956,78.22222706528004,71.22906905532159,,71.68837772708687,83.66578932778089
18206,Decade,LNG Academy,2019,Summer,74.93878881515575,74.8020162054883,57.627293846795574,,52.00810482496018,77.67612017950998
18207,Deceit,VP Game,2019,Summer,71.98435174935194,75.71233190432082,77.25704800386663,,53.32551811214845,82.94694039471761
18208,Deceit,VP Game,2019,Summer,69.29549674879573,78.15394636019309,77.7644970234103,,50.0,87.23505947400972
18209,Demon,Bilibili Gaming Junior,2019,Summer,71.70512435814928,76.42796196683011,58.476068623731074,,70.40487539286335,72.11549535889431
18210,DoRun,VP Game,2019,Summer,75.78012861513324,75.0620844501265,58.794849156947464,,67.60989809943482,80.17910114254387
18211,Dou,Joy Dream,2019,Summer,82.5725595244381,77.02336128330778,70.08134079709086,,57.604624193745344,87.73772834182404
18212,Dusk,Victorious Gaming,2019,Summer,52.28427958803026,68.69221178593794,51.07445723278058,,50.0,51.796714129264465
18213,Dustwind,VP Game,2019,Summer,87.2046934190552,71.37285105139358,67.70546532790478,,61.53445067915914,85.7542186728703
18214,Dustwind,VP Game,2019,Summer,83.53998925776014,63.320752251909866,63.67716599783211,,50.0,87.29751907439177
18215,Duye,Shu Dai Xiong Gaming,2019,Summer,77.18690508193396,84.7733126090193,67.11852224093111,,67.80287481976822,73.08738200021153
18216,Echo,Gama Dream,2019,Summer,97.54364802171973,82.91365846101067,78.96871675946318,,59.72227624575929,90.52122951471083
18217,Eisley,Dominus Esports Young,2019,Summer,75.8691245238389,69.85669335892993,57.699956121104584,,65.3239541216055,69.71115399428646
18218,Eisley,Dominus Esports Young,2019,Summer,67.25795547457402,70.86423390865258,60.59577265124646,,53.96202868375425,69.4736736335308
18219,Epic,LNG Academy,2019,Summer,79.5179722484334,72.88855810243265,64.84167112582993,,56.76328764944646,79.88589741949524
18220,Eric,Oh My God Academy,2019,Summer,80.12860648010813,75.60249141596945,57.65890885288666,,73.54894636540186,70.19395710045785
18221,Exboy,Shu Dai Xiong Gaming,2019,Summer,50.0,69.94492092452421,50.0,,50.0,50.0
18222,Fan,Team WE Academy,2019,Summer,55.906515468117334,71.06514255084323,51.93504454971306,,55.374802103166445,54.8395137294538
18223,Fartte,D7G Esports Club,2019,Summer,56.755773553775086,69.71136913410785,52.61091019244061,,54.43439969990231,58.456668694844105
18224,Feikun,Dominus Esports Young,2019,Summer,84.5134823614583,77.60751118173897,66.28737559562236,,89.82590074472769,76.89058232532979
18225,Flora,VP Game,2019,Summer,67.88042233656324,70.59276275039458,58.441670898766745,,60.52090861570319,64.0519928616711
18226,Forge,Invictus Gaming Young,2019,Summer,94.2305725290119,84.90525493182919,71.49557502279198,,100.0,84.50876134254545
18227,Forsaken,LNG Academy,2019,Summer,55.342697680681646,69.97494272709625,56.13850576806261,,50.0,55.88436116327922
18228,Future,D7G Esports Club,2019,Summer,55.37733083887521,67.43064268028832,53.58936925736511,,50.0,58.782980344741546
18229,Fzy,Victorious Gaming,2019,Summer,83.26674716581745,76.4605337933304,91.40364079137127,,50.0,93.64705342761297
18230,GENTLE,Team WE Academy,2019,Summer,75.97878407528893,74.48192259176137,55.89487393284006,,63.21778705342421,69.21964982054453
18231,Garvey,VP Game,2019,Summer,63.48637440382292,72.01123756809179,53.446598927461295,,69.46455538427297,65.24059135553632
18232,Geju,Royal Club,2019,Summer,53.87263805552409,70.78555929105607,51.554448700400286,,50.0,53.19094870897953
18233,Grim,Scorpio Game,2019,Summer,73.39199092370711,68.33316537884059,54.33288958685047,,50.0,65.66462705143216
18235,GuHao44,Dominus Esports Young,2019,Summer,53.16123608112018,68.39393931234282,50.08624744835981,,50.0,51.53640130752271
18236,HanXuan,Bilibili Gaming Junior,2019,Summer,91.76280744150998,80.42632373310407,71.77799210203287,,83.27239274226199,81.90290611677102
18237,Hang,Vici Gaming Potential,2019,Summer,75.51528923556083,84.62115191955029,83.23836650095384,,51.13160704257761,78.00774875049086
18238,Hao,Victorious Gaming,2019,Summer,64.11187029122746,72.3807939079891,53.85581344604287,,56.904571675382286,65.3279692304501
18239,Hehuo,FunPlus Phoenix Blaze,2019,Summer,50.47078014053211,69.94622840067971,50.245387777164524,,50.0,50.0
18240,Hepcat,LNG Academy,2019,Summer,61.718088196882434,70.50856146241988,56.04741038793636,,57.268384923862804,60.02050055525494
18241,Hope,EDG Youth Team,2019,Summer,63.30655259743407,73.2181621120448,53.17946071630972,,62.656246408836665,57.814251177455056
18242,Hui,Dominus Esports Young,2019,Summer,58.102404644249326,67.8172865090284,55.56061172865537,,50.0,59.898459012744354
18243,Humble,Oh My God Academy,2019,Summer,86.01491476580743,86.9200402559424,66.00867086629773,,76.4830081836343,92.377122449891
18244,Insulator,FunPlus Phoenix Blaze,2019,Summer,65.34557035255159,73.3824782196763,55.89111423166584,,57.318949541286216,60.916743923776174
18245,Iwandy,EDG Youth Team,2019,Summer,82.43097007907562,87.23680708911913,93.34355794170354,,50.0,94.32522681824389
18246,JDM,Scorpio Game,2019,Summer,83.24482615347559,76.72202606488442,69.37186741398554,,50.0,89.81432071305665
18248,JIE,Dominus Esports Young,2019,Summer,52.090072283541524,70.02187823477806,50.68351469280569,,50.0,52.006754970484074
18249,JQJ,Dominus Esports Young,2019,Summer,63.19943531730105,70.58362967547268,65.33064949028149,,50.0,65.66244036794288
18250,Jingtian,Rogue Warriors Shark,2019,Summer,83.85749138205475,80.31902573062585,64.12396003423332,,70.4302298763788,79.21956641251202
18251,Jotaro,D7G Esports Club,2019,Summer,81.13983489340883,69.3158143813283,61.12818159968343,,61.17555880372073,81.58431317202158
18253,Jz,LinGan e-Sports,2019,Summer,88.27208025540335,76.55088010822605,60.74600977020551,,87.13607458747472,80.39782833344202
18254,Jz,LinGan e-Sports,2019,Summer,84.92319340614114,88.53069383040054,68.9839138436305,,50.0,77.68794297352323
18255,Jzr,Oh My God Academy,2019,Summer,50.84850271026011,70.05539062130694,50.41487827792581,,50.0,51.53640130752271
18256,Kahom,Bilibili Gaming Junior,2019,Summer,76.09678536305739,77.24891145612723,63.59650119333903,,55.940016214379426,84.29328255188113
18257,Kay,Victorious Gaming,2019,Summer,55.57580236624742,70.34270930554385,52.32925684374857,,50.0,54.982177165126956
18258,Ke,LNG Academy,2019,Summer,77.14026105468595,80.24737353996443,90.0,,50.0,100.0
18259,Ke,LNG Academy,2019,Summer,82.51655269374359,79.49962873705275,89.1630137788047,,50.0,100.0
18260,L1n,Shu Dai Xiong Gaming,2019,Summer,81.28971672434979,86.9653292859733,93.44208273002675,,55.30001755668704,94.76968703179875
18261,L1zzie,Scorpio Game,2019,Summer,52.0960839300966,68.95034193417926,50.42647179385953,,50.0,52.84775397869264
18262,Lad,EDG Youth Team,2019,Summer,60.48011681100373,71.77688375439013,52.12431792223531,,60.614124876847626,57.801665970689164
18263,Lele,Royal Club,2019,Summer,65.0347108480453,74.48095870180416,68.6632496767976,,50.0,73.77092951536554
18264,Leyan,Invictus Gaming Young,2019,Summer,82.46764759638064,76.27399686830165,64.88481426454261,,80.35599905997952,74.69681777585014
18265,LiLian,Dominus Esports Young,2019,Summer,56.88208138727232,70.87344683787626,51.922990775825205,,52.291636101836,54.91287385136763
18266,Light,LNG Academy,2019,Summer,80.55470087846768,75.08526121433661,55.88962285564941,,65.82674210032417,70.35788859009334
18267,LuMang,V5 87,2019,Summer,82.32518408646001,77.0897212766,59.59507917517918,,79.28985971410535,76.63264882581159
18268,M1anhua,Bilibili Gaming Junior,2019,Summer,57.90952932198147,72.0823103714719,55.120852015351076,,53.23509303837717,56.55975745048355
18269,MaRco,Young Miracles,2019,Summer,65.29189198300135,75.46065271451815,74.89894535764171,,53.5500964929331,75.60426814159798
18270,Maggie,Suning-S,2019,Summer,59.85654747133147,70.00551573505828,54.480980609977316,,53.18755438085256,59.88241786974396
18271,Magic,Team WE Academy,2019,Summer,89.57823691283808,77.68719248730667,73.27368347884746,,60.46884561421841,86.47666946676833
18273,Maguafu,Scorpio Game,2019,Summer,98.77507968084389,73.93843859445768,87.18214071168958,,50.0,100.0
18274,Martin,LinGan e-Sports,2019,Summer,88.99249735382107,82.73122385471176,88.95133913325068,,50.0,91.92172749287923
18275,Martin,LinGan e-Sports,2019,Summer,79.83927160805837,88.89400424734417,87.86207920292162,,56.283912572487814,88.88961922835193
18276,May,Legend Esport Gaming,2019,Summer,51.647208006742055,69.22763115728438,50.620090321020385,,50.0,53.33138246562961
18277,Michi,Vici Gaming Potential,2019,Summer,56.80382135333249,71.7100015841382,53.23463406992961,,62.15294112336514,57.816144973587576
18278,Mine,Joy Dream,2019,Summer,71.20219044102994,73.47051370860136,55.9530835974955,,66.93051972109224,67.69436034633704
18279,Mine,Joy Dream,2019,Summer,63.470753899885494,71.95701842957425,52.4385636992015,,76.22890524921371,67.36547358945722
18280,Mingren,FunPlus Phoenix Blaze,2019,Summer,63.06065495603312,73.75102406271947,56.872190849910716,,66.53603830249031,63.82147040968114
18281,Mink,D7G Esports Club,2019,Summer,62.04362082079146,74.79741978481161,68.04556464055545,,50.0,66.45973858790393
18282,Mint,Victorious Gaming,2019,Summer,72.36715616750834,74.75028291927563,55.39526865980564,,64.07607522568145,67.01965061722129
18283,Mint,Victorious Gaming,2019,Summer,67.73359762943498,66.93589591724336,56.4348257278962,,59.57886905388022,66.7610674652652
18284,Mitsuki,Dominus Esports Young,2019,Summer,65.60297722412596,72.01948414965584,56.692153824863254,,58.18377827841651,62.28122963940378
18285,Mitsuki,Dominus Esports Young,2019,Summer,60.63415599186997,64.31589882954573,58.29517523821113,,50.0,61.98549479394931
18286,Mitsuki,Dominus Esports Young,2019,Summer,60.90484780268942,71.08780947705587,58.85935463657032,,61.659103612763374,60.07790746370373
18287,Morgan,Joy Dream,2019,Summer,83.64806977293377,84.55934350060177,66.38038607957105,,83.99037371170635,88.20085807611937
18288,Nailao,Shu Dai Xiong Gaming,2019,Summer,62.43484912109424,73.12993963311003,58.82546133289172,,50.0,62.3369258584737
18289,Naruto,Top Esports Challenger,2019,Summer,78.75693143953188,77.5671736033996,64.7673397354345,,60.50525919031975,72.18237504828372
18290,New,Triumphant Song Gaming,2019,Summer,84.71933245517121,79.15945963075254,62.1188660365398,,58.28688466785755,87.20293315533638
18291,Nickey,EDG Youth Team,2019,Summer,94.38451576909307,83.2171151048519,77.63993756519915,,79.54793938342907,90.42591920197242
18292,Noble,Vici Gaming Potential,2019,Summer,86.66950904033706,85.97197511236283,77.44748163157597,,63.277011770939914,87.64867768003239
18293,Novice,Dominus Esports Young,2019,Summer,66.11633090918697,71.5803143453445,53.82340932205565,,64.52469074258447,65.8147368210852
18294,ON,Suning-S,2019,Summer,82.00686318397337,81.21011338834005,88.22618535707926,,51.58788689801797,89.3282147814019
18295,Patch,Dominus Esports Young,2019,Summer,88.40042083471715,67.77369992673675,98.9452420600677,,50.0,100.0
18296,Patch,Dominus Esports Young,2019,Summer,86.34452357280915,74.23185271393139,90.0,,50.0,100.0
18297,Patch,Dominus Esports Young,2019,Summer,88.11690055095497,69.74106396374192,87.95414085219836,,53.23639776320885,96.74201294258756
18298,Peace,Rogue Warriors Shark,2019,Summer,83.24928179199942,81.04747493803802,88.46739610446004,,56.002229775966704,89.79441115010049
18299,Photic,Top Esports Challenger,2019,Summer,69.86375255456981,74.23005304124199,54.48174194295219,,65.81178643629364,62.76574913641079
18300,Plume,VP Game,2019,Summer,84.67757544812737,69.9879140211405,58.791910432263045,,70.01596570969822,76.66599066356662
18301,Punk,Gama Dream,2019,Summer,73.09294738683586,79.16364616616801,59.25759636042667,,66.61338905589587,76.05651632541887
18302,R1kka,Scorpio Game,2019,Summer,90.58822602134465,72.16728939957497,56.49880600215374,,50.0,79.07910161972035
18304,Rainbow,FunPlus Phoenix Blaze,2019,Summer,71.0338925279722,73.19741887010022,55.86014451593352,,59.636713467591036,64.87480907221092
18305,Recall,Dominus Esports Young,2019,Summer,67.77674615965101,69.1102699414083,55.404218406370035,,61.73558438414067,68.79849339399566
18306,Ruii,Team WE Academy,2019,Summer,57.87404609238767,72.14008539301963,57.432527565413864,,50.0,61.75923329517121
18307,Sakura,EDG Youth Team,2019,Summer,75.28304059929113,82.26427248730624,69.76752852608827,,75.04252866734537,74.37007492654816
18308,Sakura,EDG Youth Team,2019,Summer,82.84331600935579,76.22510968603629,60.59486655197449,,100.0,77.55616778046613
18309,Savior,FunPlus Phoenix Blaze,2019,Summer,79.99622435847171,73.23703222970052,57.49536256681573,,84.22536888106268,72.99030294161197
18310,Shark,Suning-S,2019,Summer,50.0,70.0,50.0,,50.0,50.0
18311,Sixsix9,Triumphant Song Gaming,2019,Summer,83.38220780912707,78.446661293164,69.36153172224208,,83.57482155434136,81.67366918543053
18312,Sky,Top Esports Challenger,2019,Summer,62.76336918602279,73.64793805473731,56.55076815200503,,61.76056422319502,60.84935957044917
18313,Snow,Vici Gaming Potential,2019,Summer,89.48439278800653,81.84401482497596,60.820406943840695,,86.84526425670725,78.3207735291966
18314,Sora,Royal Club,2019,Summer,80.28321905975774,87.19469096627957,92.67350591187164,,54.56970976366727,92.85009180588607
18315,Spunk,LinGan e-Sports,2019,Summer,86.41181970000568,91.49595941879286,67.08023339587386,,80.64907227203582,91.22334010192682
18316,Such,Royal Club,2019,Summer,52.70308818885977,70.33271064698867,50.69912901697206,,52.97509108204447,51.913425151231884
18317,Summer,LinGan e-Sports,2019,Summer,52.42454179170883,70.9843608371139,50.465995535535896,,52.97509108204447,51.913425151231884
18318,TC,Royal Club,2019,Summer,88.60213550076863,85.85960861583123,75.99342215123933,,72.20717011876518,86.72372180574918
18319,TS,V5 87,2019,Summer,64.02084362100112,76.07397714956932,55.68417076668711,,56.225233309764036,68.83967854403662
18320,TTS,Oh My God Academy,2019,Summer,52.12347254299297,71.62170849234741,51.14641615625301,,53.88071140983319,53.69942384373154
18321,Tangwa,Joy Dream,2019,Summer,78.20249394787511,81.08760449991517,84.23309260516403,,52.87039257383824,86.67380694677999
18322,Till,Gama Dream,2019,Summer,83.78991597002022,83.15183159887049,66.73513080332636,,75.59401808096942,80.38986706218645
18324,Try9,Scorpio Game,2019,Summer,86.08893248514786,82.19180839294204,62.92840159859545,,80.63107379803661,79.65069796790576
18326,View,Suning-S,2019,Summer,84.15271516680657,79.31471949770469,69.22520806664124,,75.83878815893198,77.94840515272128
18327,Viod,Legend Esport Gaming,2019,Summer,83.29694332435479,80.1397246608103,89.34760790612226,,56.277145625562554,90.27400612909167
18328,Vortex,Bilibili Gaming Junior,2019,Summer,86.85728862887669,76.63768700278085,58.13431082646187,,100.0,78.68094339069759
18329,Wayward,Top Esports Challenger,2019,Summer,89.59796815174344,78.19482969976902,74.57369800986778,,64.24513732415213,87.87159958926682
18330,Wei,Young Miracles,2019,Summer,55.2477599767026,70.26934186562988,55.87159267972214,,50.0,54.30385896412972
18331,Wings,Bilibili Gaming Junior,2019,Summer,57.905551662439336,71.5390159660478,51.54774317828067,,61.44190526017589,55.17107912925429
18332,Wisdomz,Invictus Gaming Young,2019,Summer,78.613349171702,79.4839341081257,71.97969335022142,,79.29870639049466,78.75566515762627
18333,Wuming,Vici Gaming Potential,2019,Summer,78.94597497966716,89.31396724830459,71.11583651989459,,82.08987912020662,73.92669316228802
18334,Wuyou,Scorpio Game,2019,Summer,86.08122310419101,76.37368099241678,76.60030184745344,,57.62887351170872,86.49319563671497
18335,X41007,V5 87,2019,Summer,69.22459438430506,73.43600703622121,55.06144189455658,,68.63441638885857,63.5826550119589
18336,XLB,Young Miracles,2019,Summer,79.74851393481119,77.87314291631577,64.92158370764264,,86.32426173686176,74.3257055600452
18337,XLong,V5 87,2019,Summer,74.9469358060341,77.67047716399861,60.07994326012124,,68.14894411808083,77.32357730381503
18338,XMJ,FunPlus Phoenix Blaze,2019,Summer,80.66401823715765,73.90137975042978,66.82811190013221,,62.03244047430531,78.54219232329993
18339,Xiamu,Victorious Gaming,2019,Summer,76.16192041384846,75.25393887146292,85.71651239259575,,50.0,87.27569175580072
18340,Xiaobai,Royal Club,2019,Summer,81.46278290426751,85.7310639712178,68.8939067522212,,59.183431149481756,94.16733037033572
18341,XinLiu,Invictus Gaming Young,2019,Summer,52.00512246551484,71.2824136587472,51.516224089160154,,52.03620123712496,51.186868182353614
18342,Xinian,Victorious Gaming,2019,Summer,79.67411838313505,77.17323546765549,64.56706697295581,,63.00333701528383,74.58170054693808
18343,XuanLv,Triumphant Song Gaming,2019,Summer,51.92760398940051,70.18405526328725,50.50358779511121,,50.0,51.363818308255816
18344,Xzz,VP Game,2019,Summer,76.55456980903405,72.70032464352178,63.42906514914348,,73.26982787925814,71.35268555638194
18346,Yang,V5 87,2019,Summer,85.25731570061028,82.10632547116269,68.19479948652405,,74.49570144850908,75.39502187491826
18347,YeG,Triumphant Song Gaming,2019,Summer,80.67704060929437,81.15290145315929,63.19304918972287,,74.15097545864026,74.8503175167541
18348,Yuekai,Royal Club,2019,Summer,76.25458561840364,85.51354975297556,60.30912430602304,,83.36690870038066,75.87746137530529
18349,Yuekai,Royal Club,2019,Summer,76.1661593670581,79.14635167018109,57.75774395592142,,71.14936069236643,79.25723563934551
18350,Yuen,V5 87,2019,Summer,82.08659773816477,82.72478520367416,85.4496005732691,,54.425600468723594,87.07655626700422
18351,Yui,Bilibili Gaming Junior,2019,Summer,83.49964192733478,81.46764421127425,89.73436654441309,,53.33506708393284,92.91185341089331
18352,ZJJ,Dominus Esports Young,2019,Summer,68.15963676951776,69.7384497700439,55.86986393516502,,59.21942651288199,66.6024870610575
18353,Zdz,Vici Gaming Potential,2019,Summer,80.41309777763101,85.88675261540429,62.890669749316366,,67.57716864778929,84.3761174847429
18354,Zhaoyun,Rogue Warriors Shark,2019,Summer,74.14159679556992,80.1968444537332,58.38203530994928,,73.91237683123992,75.7239404060715
18355,Zhuangzhou,Gama Dream,2019,Summer,82.58556970551848,80.44079936983817,90.97648135756279,,50.0,91.10217449021758
18356,Zhuo,Team WE Academy,2019,Summer,81.01827053031127,81.31662169274608,88.8303036001016,,53.66372495427915,89.82131475652288
18357,aqiu,LinGan e-Sports,2019,Summer,82.4448528536886,82.2758489327306,76.22479850232969,,72.7496488022604,82.87758669676376
18358,bans,Shu Dai Xiong Gaming,2019,Summer,86.5384858568146,86.69183174709039,74.47135729682405,,65.9857537952635,85.39052935903737
18359,bless,Dominus Esports Young,2019,Summer,50.0,70.07928184151476,50.09824149771754,,50.218920664164344,50.0
18360,catjug,Legend Esport Gaming,2019,Summer,87.07080136424753,73.31440377995389,66.69552904165778,,100.0,83.63169589314319
18362,chen9,Team WE Academy,2019,Summer,79.6467854000893,80.30539346033657,64.62703467803202,,64.06359443591829,71.88148323860477
18363,chenlun17,LNG Academy,2019,Summer,70.04180927684041,76.49975232671937,55.1905409266815,,69.12482631198812,73.61910223267188
18364,clx,Joy Dream,2019,Summer,89.15952420924668,83.31236130831894,72.64043192922519,,79.15048779233258,77.72024408330496
18365,coffee,D7G Esports Club,2019,Summer,62.9802289014319,67.44358948063308,54.831794470939165,,56.440110180639586,64.47708919197834
18366,dzs,LNG Academy,2019,Summer,72.59880053907094,74.91479927898776,55.52640126030032,,50.0,66.01360539626465
18367,dzs,LNG Academy,2019,Summer,69.53640229928345,74.50411170552992,62.168673351673434,,57.802107160780764,63.70592123849352
18368,enjoy,Gama Dream,2019,Summer,57.7372407773257,71.01361436587007,51.10681893117205,,50.0,57.29885582095191
18369,fate,Invictus Gaming Young,2019,Summer,80.92071199932406,87.05841740247078,92.79305552000841,,53.781538692952,95.4638081796821
18370,fearness,EDG Youth Team,2019,Summer,73.66909349943047,79.51631336993393,57.96853147996268,,63.27439871745151,74.47839102561159
18371,fishball,Victorious Gaming,2019,Summer,88.5918535342568,76.97249063904403,78.04375557220041,,71.68677626537757,89.41384062267329
18372,fuyao,Suning-S,2019,Summer,84.23030873352313,76.31922989708362,58.35457923923657,,77.51021872518574,75.78145284703464
18373,guxi,Triumphant Song Gaming,2019,Summer,53.8217463708655,69.31721284043154,50.31715172378141,,54.87721445191019,54.4524268195599
18374,huanfeng,Invictus Gaming Young,2019,Summer,90.89216122855711,80.31827136933859,61.328962326231036,,87.95318556338069,80.51191451945351
18375,hulatang,Shu Dai Xiong Gaming,2019,Summer,77.88951859580423,81.65165009574588,60.77260184996134,,75.05524251578552,77.12714792733827
18376,hy,Team WE Academy,2019,Summer,62.07498763069584,71.65182283418383,56.6379057270501,,53.69366769304598,61.95727118041865
18377,irma,Triumphant Song Gaming,2019,Summer,56.18213234686266,71.04571503178519,58.18908959527258,,52.168735402762806,54.63028452907648
18378,irma,Triumphant Song Gaming,2019,Summer,58.74484480629237,73.23222747033438,53.47479053689687,,57.13100714866272,54.63028452907648
18379,jiang,Gama Dream,2019,Summer,78.65735676893851,74.04672793050548,57.03432785654717,,73.65220768803636,69.19594403997587
18380,jingke,Rogue Warriors Shark,2019,Summer,55.69297242573269,71.3900787570314,53.27939963342579,,54.372945712964686,55.87255871328838
18381,kun,Victorious Gaming,2019,Summer,61.512368347253314,70.66201946180551,52.64300708070116,,55.56669676893071,58.353828638352766
18382,l3est16,Oh My God Academy,2019,Summer,91.23763548471679,81.46899940486068,71.67215811653347,,82.64624961721172,89.18114355770831
18383,lelebbi,LNG Academy,2019,Summer,74.93330778683432,72.88794980600254,65.39131844179086,,50.0,75.04784542764881
18384,lilac,Suning-S,2019,Summer,88.96152522226011,85.94192493921838,75.27450865745041,,80.72178203986296,85.49018067603198
18385,lizheng,LinGan e-Sports,2019,Summer,62.11467824389092,73.87099518385641,57.74377085905342,,57.76444329477631,62.121538854598256
18387,melody,Dominus Esports Young,2019,Summer,54.502663561877334,70.21702975379037,52.26397071543761,,53.40844390472927,54.38427067543104
18388,melody,Dominus Esports Young,2019,Summer,52.16417767536062,70.0274229716753,50.872228090435705,,51.160525342154656,52.765180267356115
18389,nanzhu,Suning-S,2019,Summer,75.5594219812283,75.82849004649438,66.50338539637404,,65.5443728356604,72.69148120829806
18390,ppgod,FunPlus Phoenix Blaze,2019,Summer,83.01685498708595,78.1686276499492,89.67229826085348,,53.19597067858434,91.04454668176277
18391,pqy,Young Miracles,2019,Summer,84.45254885818487,77.97434474479405,58.87692572514226,,91.60129191332082,75.4817195029126
18392,sask,Legend Esport Gaming,2019,Summer,84.08035151428656,77.87320554375479,67.15370902905144,,81.71687512104639,78.24804825413445
18393,shanji,Legend Esport Gaming,2019,Summer,75.64343778618945,76.28993768636224,61.151069499014625,,65.31453895727272,76.10911461562941
18394,skIIn,VP Game,2019,Summer,83.88919854549981,73.75488621367245,89.66338259094634,,50.0,92.6469605708038
18395,sqb,Joy Dream,2019,Summer,65.06504391966442,74.44921608513108,53.316302119437196,,57.448169401658,67.79801055957937
18396,xiao7,FunPlus Phoenix Blaze,2019,Summer,79.01369980241589,80.46989232932398,60.08606593265946,,77.93493726648688,81.60142490794708
18397,xiaohan,Joy Dream,2019,Summer,85.62227918017895,88.25774744159017,71.4023852447917,,83.54796720586913,83.46847916229402
18398,y1hua,EDG Youth Team,2019,Summer,51.41203307167172,70.31427726433435,50.572927627186566,,50.0,52.79579000218151
18399,yanxuan,Legend Esport Gaming,2019,Summer,87.92255463688832,76.01139690849146,60.313221713330925,,71.70139272761756,80.4991029590745
18400,yaoyao,Triumphant Song Gaming,2019,Summer,66.09096137591567,74.19787567787786,67.27917610186185,,50.0,72.4926924424489
18401,yuyanjia,Top Esports Challenger,2019,Summer,81.60704665868607,85.2286055609452,84.81368863755097,,53.13588050053944,90.23786304722346
18402,zhuang,Young Miracles,2019,Summer,90.09588196625717,87.17736885713241,75.6206856567066,,66.81425709987428,86.84679653187868
18403,zs,Invictus Gaming Young,2019,Summer,74.87139235180219,85.66311794583488,69.73934187734513,,83.71577772146762,76.7280185685622
18404,zs,Invictus Gaming Young,2019,Summer,76.98612837441507,77.66490905203791,64.62918778866946,,68.16491536238149,80.21707941715111
18410,A02,Joy Dream,2020,Spring,53.2785317552331,70.61846186109855,,72.56619029541255,50.0,53.99017504872185
18574,1dt,Victorious Gaming,2020,Summer,,,,,,
18581,Akaman,LNG Academy,2020,Summer,84.20560582533933,71.13168314094716,74.17367518623274,,50.0,81.40864414698135
18592,BCC,LinGan e-Sports,2020,Summer,,,,,,
18598,Bright,Oh My God Academy,2020,Summer,71.03771860832995,66.29681594950148,72.97064182887877,,50.0,80.05178174283064
18601,Bun,Victorious Gaming,2020,Summer,,,,,,
18624,Famingjia,Young Miracles,2020,Summer,88.01466411259726,67.15286795751317,79.1720932932794,,50.0,97.16743106214679
18630,Haonan,LinGan e-Sports,2020,Summer,,,,,,
18638,JKJK,LinGan e-Sports,2020,Summer,,,,,,
18641,Jiawei,optical spectrum E-sports,2020,Summer,52.270161966121,68.6060580052512,51.73042286929375,,50.0,53.56451950145828
18643,Jingtian,Rogue Warriors Shark,2020,Summer,59.35103535618629,74.89966332672034,55.590045795260494,,79.76723898102216,57.781526345406874
18646,Jz,Victorious Gaming,2020,Summer,64.30627181197998,65.98907596374498,53.115116683276085,,50.0,59.663026049755665
18659,LuMang,Oh My God Academy,2020,Summer,66.07911609100468,69.71504273804103,74.66523465639747,,56.10875483504281,67.56095161324669
18663,MiaoXianRen,Suning-S,2020,Summer,50.46796529079977,69.61939312048324,53.43318428157868,,50.0,50.39810417599838
18667,Missia,V5 87,2020,Summer,51.23525884459203,69.43729186712045,50.0,,50.0,50.0
18675,Naruto,Top Esports Challenger,2020,Summer,53.95886389933295,70.2388631248443,51.854685581208614,,50.0,53.43420536913606
18679,Overture,V5 87,2020,Summer,57.94414882540135,72.7890976626953,62.92241420593623,,58.24297674046737,64.54777322659146
18689,Savior,FunPlus Phoenix Blaze,2020,Summer,51.62730994066085,68.08326590010776,51.20125860821315,,50.0,51.20988078064693
18690,Savior,FunPlus Phoenix Blaze,2020,Summer,52.82031811128017,72.00418826910995,53.31657858584684,,50.0,51.86619018250607
18694,Shark,Suning-S,2020,Summer,52.34416608070481,70.82557086454521,54.437453661757665,,50.0,52.21297653574043
18705,TTS,Oh My God Academy,2020,Summer,86.34498525979454,73.94459065662977,66.66088171075293,,50.0,95.94643670555955
18707,TaiLuo,Victorious Gaming,2020,Summer,,,,,,
18708,Tangwa,Joy Dream,2020,Summer,50.56074354941688,70.65377749436384,50.409010655538935,,50.0,50.0
18710,TheNut,LinGan e-Sports,2020,Summer,,,,,,
18714,Try9,All Combo,2020,Summer,87.71585338039996,75.41860952924259,69.67234886461165,,55.61658812061175,93.74004275024895
18720,Wuxx,Victorious Gaming,2020,Summer,,,,,,
18730,XiaoXuan,Young Miracles,2020,Summer,81.40867792761675,70.42986501281393,68.63122485868007,,100.0,76.22655329634645
18743,Ycx,V5 87,2020,Summer,70.81929561467399,71.86866688920736,70.1464321790588,,60.50433931369925,73.02721117711312
18752,ZJJ,LinGan e-Sports,2020,Summer,,,,,,
18762,clx,V5 87,2020,Summer,64.61851327916496,72.4061200088544,58.722550861576636,,55.74058020787774,62.594368922975974
18767,hedy,optical spectrum E-sports,2020,Summer,64.44903915104646,69.16126178836168,56.76069352025262,,60.621879276005984,60.399272744435976
18769,icecoKe,Rogue Warriors Shark,2020,Summer,74.6450932096762,74.37788018630764,67.86553346394484,,65.6940093974373,71.12701857299848
18771,initial,WanZhen Esports Club,2020,Summer,59.292038795751246,74.20620186908339,59.81208099065515,,57.03838106269522,58.03935438570121
18776,l3est16,Bilibili Gaming Junior,2020,Summer,50.0,70.0,50.0,,50.0,50.0
18784,poet,Victorious Gaming,2020,Summer,,,,,,
18785,poge,V5 87,2020,Summer,100.0,73.16565630694316,70.96630163898689,,100.0,100.0
18799,xifeng,Rogue Warriors Shark,2020,Summer,50.51831982648909,69.80935181535213,51.25957918858418,,53.89341290059267,50.062267782453574
18801,xqw,Team WE Academy,2020,Summer,52.995021680811526,70.67775612547513,53.290546435915445,,52.468757129228536,52.93839281959474
18807,zzw,All Combo,2020,Summer,63.87572572603891,72.98738553010344,62.978842000001514,,50.0,65.8660013368283
18808,0909,EDG Youth Team,2021,Spring,74.54099713396049,70.66105362389877,75.31421877045773,,50.0,80.38952036381039
18809,0909,EDG Youth Team,2021,Spring,80.90805389196659,77.68080536548405,75.85271353839892,,67.9479203551155,83.19797474528575
18810,1220,Sheng Jie Gaming,2021,Spring,50.0,70.0,50.26854142278466,,51.26910628965944,50.0
18811,2y1,Oh My God Academy,2021,Spring,76.75936362386297,76.8400656883908,72.57082966257735,,73.73977212165003,79.34138409340618
18812,705,Joy Dream,2021,Spring,88.19726722170164,76.00897216694624,81.3816736715993,,69.5950939104416,95.21234283348846
18813,AYS,LGD Gaming Young Team,2021,Spring,57.23526943598487,67.06659000415806,58.30219575753989,,50.0,59.3873387881831
18814,Able,Bilibili Gaming Junior,2021,Spring,89.94560190339354,83.03643978974934,78.04511620480807,,87.53262853996009,85.90289072072777
18815,Ahn,Rare Atom Period,2021,Spring,91.06836943051565,81.33411994137059,81.80296809324936,,73.23467144345639,90.23639267707819
18816,Aliez,V5 87,2021,Spring,77.84838228502558,81.1944385751494,73.72729511061523,,83.37743539423181,82.4648256020265
18817,Assum,Suning-S,2021,Spring,86.68368763051635,75.784248534328,77.36094111926586,,70.71574879444461,79.16316510977472
18818,Asura,Royal Club,2021,Spring,89.44043363161848,80.96121314024285,73.98916125111904,,89.94266496273696,83.19135831787426
18821,Baiyu,Invictus Gaming Young,2021,Spring,55.448992967926614,73.20351186708521,55.629183849143054,,50.0,56.28140972875198
18822,Beichuan,FunPlus Phoenix Blaze,2021,Spring,83.25504932606844,81.8717386114067,67.85398576229954,,76.46007006415486,75.83043477880321
18823,Beige,Sheng Jie Gaming,2021,Spring,89.35554684918743,85.40474735379627,76.16091899156962,,100.0,85.8113755109336
18824,Beige,Shu Dai Xiong Gaming,2021,Spring,79.66095101081395,87.87998323128585,84.78548284067429,,80.09259259259258,85.8113755109336
18825,Ben4,Kaisa Gaming,2021,Spring,,,,,,
18826,Ben4,Kaisa Gaming,2021,Spring,,,,,,
18827,Brave,Sheng Jie Gaming,2021,Spring,61.286227391792764,71.99165778588687,59.297880027600456,,50.0,62.1896329205967
18828,Bunny,Royal Club,2021,Spring,89.54103602986869,74.12225930174056,90.4201918818824,,50.0,96.876109303725
18829,CL0UD,Kaisa Gaming,2021,Spring,56.34466257789833,71.23071026824078,58.74295635148336,,50.0,57.228403166658
18830,Care,FunPlus Phoenix Blaze,2021,Spring,,,,,,
18831,Cerasus,Team Pinnacle,2021,Spring,90.81893019125789,65.57285219959829,90.6221345500563,,50.0,100.0
18832,Cerasus,Team Pinnacle,2021,Spring,82.7184712620824,75.69258496849253,72.99425684075017,,91.52131855719614,84.56942968675327
18833,Chase,All Combo,2021,Spring,91.33230218265615,77.48308420496652,80.74844149481541,,62.66926823704726,91.36822766552454
18834,Clay,WanZhen Esports Club,2021,Spring,78.64443795317769,69.53935462577485,68.25971641750716,,63.67668344314897,81.51002615958546
18835,Climber,Bilibili Gaming Junior,2021,Spring,72.69860404518487,70.75673637005292,65.37012057382134,,53.990130216667055,76.70982193920047
18836,Coten,Team WE Academy,2021,Spring,88.28785243383481,80.00574086394046,90.63239196511168,,90.58389896218074,97.42455389578149
18837,Creme,Oh My God Academy,2021,Spring,94.31345029105876,76.62403275768034,82.17540217611753,,84.45986072765959,96.40389234599684
18838,Cruel,Suning-S,2021,Spring,51.490295072004855,69.53985759676098,50.96497406254356,,50.0,51.652278566075246
18839,Dai,Kaisa Gaming,2021,Spring,61.667623949465394,68.6706468962958,64.9931939083373,,55.38814734647876,63.43020289162297
18840,Daisy,Suning-S,2021,Spring,50.0,70.0,50.0,,50.0,50.0
18841,Decade,LNG Academy,2021,Spring,87.33627669002725,88.3106988536873,87.315082615136,,95.23166733148969,95.39676958756603
18842,Deceit,Sheng Jie Gaming,2021,Spring,84.79076280098293,77.4458616196904,83.1712019423487,,50.0,95.43578200578281
18843,Demon,Bilibili Gaming Junior,2021,Spring,81.3262255697696,76.6747861506809,78.42441217063332,,81.62689227003298,84.95526269889899
18844,Dnzz,WanZhen Esports Club,2021,Spring,76.24975809348605,69.23160682762258,68.87174041139201,,50.0,78.15983523580641
18845,Dream,V5 87,2021,Spring,68.72755120269144,68.4571360834203,62.34129619932285,,61.62791319331226,72.17100559155244
18846,Duye,Shu Dai Xiong Gaming,2021,Spring,52.01808828592759,70.38470840114206,54.29528658328509,,50.0,52.83347892787621
18847,Echo,Invictus Gaming Young,2021,Spring,58.550422469920925,71.82471076225073,54.5576137401781,,54.2022486645791,57.813815832258
18848,Fahai,Team WE Academy,2021,Spring,92.76338043824622,75.34765554762471,93.4999843487751,,65.63276201033237,100.0
18849,Famingjia,Young Miracles,2021,Spring,58.35407284373133,72.9738105372688,59.30865739639722,,54.23127798376869,59.44135282015294
18850,Fantasy,eStar Young,2021,Spring,61.98952570562154,69.31804421298517,57.1588187951112,,58.76162284143206,61.33561191900412
18851,Fatfish,TWELVE,2021,Spring,73.75542738055496,73.7939395411987,65.58177272966898,,54.649685891327984,73.0554588793866
18852,Feather,Joy Dream,2021,Spring,92.39806730171563,74.06721514444449,86.86152623624515,,50.0,97.73173847810145
18853,Feikun,ThunderTalk Gaming Young,2021,Spring,65.40365442697876,72.57857761365372,63.68261006616306,,59.555854041854275,66.04739566127935
18854,Fzz,Team Pinnacle,2021,Spring,68.9033848832579,71.54689359604762,61.577639391019716,,50.0,70.48660414908483
18855,GYX,eStar Young,2021,Spring,92.38032494840999,73.23370126951252,72.3171093734089,,68.95158798518612,95.99414473377661
18856,Guard1an,WanZhen Esports Club,2021,Spring,64.36740707390346,67.01637231833828,60.087495774312316,,50.0,68.24312988142765
18857,Harder,Shu Dai Xiong Gaming,2021,Spring,86.2751522013632,77.38753895503663,85.11012885870133,,73.24223691432297,89.20964601829616
18858,Heng,Young Miracles,2021,Spring,94.2479728912709,90.01230852361714,91.49596968993444,,76.76829037405011,98.8689635323305
18859,Hery,EDG Youth Team,2021,Spring,93.28994526581953,89.97829953397179,87.13063847778017,,77.95872875407983,95.99569553905049
18860,Hook,Team Pinnacle,2021,Spring,92.61624766777277,85.41126043902045,89.44341777205035,,67.92657499140107,100.0
18861,Hope,EDG Youth Team,2021,Spring,74.77831451704462,80.41553268615388,70.75180942099033,,83.67626217055823,68.06101199862621
18862,Humble,TWELVE,2021,Spring,80.58600210507004,85.1545865886437,79.41748649143462,,57.03118140007575,89.13900698463213
18863,Invincible,V5 87,2021,Spring,100.0,74.46272007220112,95.47283026367099,,77.98982518460178,100.0
18864,JKJK,WanZhen Esports Club,2021,Spring,77.02650176434705,73.7865515063346,80.5858091701995,,74.8357458566999,80.83018100316943
18865,Jay,TWELVE,2021,Spring,80.47276222739629,70.26912632578207,70.71295369680041,,69.23092692603251,79.95710040459348
18866,Jerry,V5 87,2021,Spring,89.5290636606681,75.73755788354273,79.8349140275148,,61.25492780040118,87.42025565894966
18867,JiaQi,Top Esports Challenger,2021,Spring,92.0232981053671,76.44448192546923,81.28283125412317,,69.07651863650601,87.19724832809842
18868,Jotaro,eStar Young,2021,Spring,,,,,,
18869,Joy1,V5 87,2021,Spring,72.66675212962545,73.15677439981728,60.99618018957587,,59.079550741500114,70.25942099002256
18870,Joy1,V5 87,2021,Spring,69.20784575444124,71.1225039547612,65.28678321599077,,67.22978305757923,71.34602106144705
18871,JunJia,EDG Youth Team,2021,Spring,82.50437631998876,86.31230920225113,83.29494903580151,,81.54316857952448,84.40948345409149
18872,Junimos,MAX,2021,Spring,65.10543183554134,69.58253383554649,62.26503757318953,,50.0,65.89377403209195
18873,Jwei,Bilibili Gaming Junior,2021,Spring,50.81097174502412,70.07337800892078,52.372623856733696,,50.0,51.45518826112306
18874,Jz,Kaisa Gaming,2021,Spring,,,,,,
18875,Kaixuan,Rogue Warriors Shark,2021,Spring,76.61016622767042,76.31576567596768,71.86478656476069,,74.1244922000964,78.51689088971095
18876,Kane,Oh My God Academy,2021,Spring,92.66934104683652,80.31541347531697,79.12919380630746,,72.81303265611322,84.92880848402672
18877,Ke,Young Miracles,2021,Spring,85.22679313419971,85.22227532192338,93.393395236305,,79.04859527461586,97.98618936850502
18878,Keaiduo,ThunderTalk Gaming Young,2021,Spring,,,,,,
18879,Kedaya,LNG Academy,2021,Spring,90.10660246932476,87.79160025986161,93.51908749280292,,95.14841877192457,98.92680305960647
18880,KennyChan,MAX,2021,Spring,89.63633517037235,68.7840300084424,81.39577435191077,,61.8165122949924,91.74690995771161
18881,Kepler,Shu Dai Xiong Gaming,2021,Spring,89.2442500424945,87.47312405777487,78.95191239697125,,90.15455345864171,83.9944371071722
18882,Konodio,Shu Dai Xiong Gaming,2021,Spring,67.99003441344423,75.966028138946,66.96663841557165,,73.84160237058107,68.62480011162427
18883,L1n,All Combo,2021,Spring,93.66126036865049,70.11117923319,90.04507625351596,,100.0,99.61713870950913
18884,LP,LNG Academy,2021,Spring,96.45287140798037,91.58851895918997,83.27707502384754,,100.0,88.21881135747603
18885,LXF,Kaisa Gaming,2021,Spring,76.08533694844736,66.27457776188288,71.43997410705731,,50.0,77.45013412685083
18886,Leaky,Rogue Warriors Shark,2021,Spring,86.16880647349191,79.39140344543173,80.87544555325726,,80.26984319565776,88.95358951662112
18887,Lover11,Royal Club,2021,Spring,90.60048451240054,71.13821299617476,89.60990715966908,,65.56769187754753,93.04591892564542
18888,Lpc,Joy Dream,2021,Spring,81.44307113338678,81.17762440237097,73.60716733613707,,76.29909090934653,75.56103250337362
18890,Lzc,MAX,2021,Spring,67.57655208429715,63.964459221343986,65.4155713720804,,63.424877068645415,71.65219271189756
18891,MANGOZ,TWELVE,2021,Spring,57.50200137351791,66.35423217680113,54.430449668398296,,50.0,59.22973133177174
18892,MANGOZ,TWELVE,2021,Spring,58.646118973051955,66.8651269038553,56.00686287814435,,54.749539338964404,62.94516184783791
18894,Marzss,MAX,2021,Spring,71.2817352763019,67.96042979595647,70.07762859501427,,59.66386872531167,72.5703531122124
18895,MiaoXianRen,Suning-S,2021,Spring,52.12766211140155,70.88680537571665,52.27590253292714,,50.0,52.227053337847096
18896,Miaoniu,eStar Young,2021,Spring,74.8974840866394,66.47978319086313,70.16552846114747,,75.28539041555227,77.08657335911718
18897,Michi,Rogue Warriors Shark,2021,Spring,72.1885535555953,79.19895882262085,63.59030888775715,,72.1748279034415,73.00281596820739
18898,Mine,WanZhen Esports Club,2021,Spring,93.34159606189783,71.9343646944768,76.2611368510116,,67.1636801952998,89.38914172645468
18899,Missia,Bilibili Gaming Junior,2021,Spring,87.95421391235888,78.34623462124384,84.84002421568023,,81.52598092837663,95.92797811452263
18900,Mori,Oh My God Academy,2021,Spring,83.6493047597337,77.82393422010199,73.30102786284964,,65.8167037281054,78.8754308508164
18901,Moyan,Team WE Academy,2021,Spring,91.66357025325944,77.75013495672164,80.15428461286874,,82.61775694550326,88.02960163079948
18902,Munian,Oh My God Academy,2021,Spring,91.60516892321199,74.26464596977077,84.03908358096112,,86.7337781705498,99.17503684552494
18903,Mysun,Royal Club,2021,Spring,50.12917860349007,70.0,50.0,,50.0,50.0
18904,Myths,Bilibili Gaming Junior,2021,Spring,77.87933469997652,82.6748945458455,82.80565931083382,,57.90957388879344,84.96878160791233
18905,Myuumi,Kaisa Gaming,2021,Spring,,,,,,
18906,Nana7,Invictus Gaming Young,2021,Spring,52.85292491388746,71.33675785492454,52.987855865383665,,50.0,53.171315242500825
18907,Naruto,Top Esports Challenger,2021,Spring,90.33233084278721,78.00877059847498,82.70718460974297,,62.83529850130774,91.05025347905544
18908,Nickey,MAX,2021,Spring,67.94358413000614,69.07308381938509,59.93770520086542,,50.0,65.25099140409799
18909,Niket,Top Esports Challenger,2021,Spring,88.9422794176907,69.9813165266831,85.76651431269856,,50.0,98.45420976659798
18910,Noble,V5 87,2021,Spring,90.78329886800803,77.82507583403125,77.81549515184628,,80.35058673898445,92.54330622020157
18911,Novice,Team Pinnacle,2021,Spring,91.72303073642806,72.89520055208608,81.73876120457435,,68.55242721351831,94.6045300287033
18912,OTTO,Kaisa Gaming,2021,Spring,,,,,,
18913,Overture,ThunderTalk Gaming Young,2021,Spring,54.276309989892184,70.80366378751619,54.761011121457265,,52.46125918843715,54.75543631946225
18915,Plume,MAX,2021,Spring,91.38595292064397,67.85464211862848,78.45040705795746,,60.14228620089731,88.09753646229277
18916,Plume,MAX,2021,Spring,74.79994407785975,60.16952937152439,64.24570057907951,,50.0,76.870409215496
18917,Qing,Top Esports Challenger,2021,Spring,83.26941282926148,66.60495539387614,75.14489740470904,,56.7267529058469,86.50977350776381
18918,QingZhi,LGD Gaming Young Team,2021,Spring,74.5901978875073,69.40694365417764,82.41002669934896,,50.0,86.52803972604238
18919,Qingtian,Young Miracles,2021,Spring,88.84785989352821,86.75895168504982,90.36931757729889,,84.78422920906988,94.24959657889107
18920,R1uga,All Combo,2021,Spring,86.07125736348314,72.5937572863231,72.52029966160185,,67.89826819023028,87.74273832994534
18921,Relive,Sheng Jie Gaming,2021,Spring,50.87154461922659,70.09618798648575,52.11596151013206,,50.0,51.56276158553124
18922,Ruii,MAX,2021,Spring,85.43044954000388,66.31725630677916,83.56373609657375,,50.0,96.3938672741856
18923,Sakura,ThunderTalk Gaming Young,2021,Spring,,,,,,
18924,Savior,FunPlus Phoenix Blaze,2021,Spring,,,,,,
18926,Sheng,TWELVE,2021,Spring,62.712180162512695,70.175169876659,57.80738265603338,,59.20836228204186,64.92753760130569
18927,Shenyi,FunPlus Phoenix Blaze,2021,Spring,,,,,,
18928,Shupian,MAX,2021,Spring,58.681826287316476,70.09304630871273,53.44343642445587,,59.21892148929467,59.48292393939631
18929,Sky,ThunderTalk Gaming Young,2021,Spring,50.89969864161783,70.202994265654,52.99719712760252,,53.05573063928322,52.68754279620315
18930,Solokill,WanZhen Esports Club,2021,Spring,91.68769513349137,76.53440122215143,88.04500780648937,,72.17118156191195,99.01885994019955
18931,Sora,Oh My God Academy,2021,Spring,93.26751288161253,74.66560810399882,84.63364595835536,,89.51095504423202,91.08633351649803
18932,Spunk,Sheng Jie Gaming,2021,Spring,80.67074756939883,80.33599896475293,83.25434009096814,,68.57565193243474,85.21261995529024
18933,Stay,Team WE Academy,2021,Spring,95.5789551708474,78.13288925289594,82.67646140950329,,85.13315355075575,88.77638587738289
18934,Strive,Rare Atom Period,2021,Spring,89.03654766742241,77.29473238923237,76.25167552597627,,70.71221910007864,87.09595203987473
18935,Such,Royal Club,2021,Spring,59.2545184329435,73.03736931734068,64.40886942469983,,56.063946717063985,59.912313998374756
18936,TC,Royal Club,2021,Spring,92.72086613190665,85.40570108436266,82.9020385229149,,91.40924775046182,94.79876616734089
18937,TTH,LGD Gaming Young Team,2021,Spring,85.52274084826036,69.28039121315153,72.42736861951778,,69.66124110217541,78.62772804156505
18938,TaiLuo,Sheng Jie Gaming,2021,Spring,54.05420917297268,69.91517103760658,51.067288289023814,,50.0,54.623037300509466
18939,Taiyi,EDG Youth Team,2021,Spring,92.78678567338893,84.59299891017102,81.48947498242445,,71.07555501921199,93.10752896608068
18940,Tangwa,Invictus Gaming Young,2021,Spring,86.14619105479461,81.72348370309179,82.56966238953373,,64.95131934504181,96.03285552873245
18941,TheNut,Team WE Academy,2021,Spring,52.41980672884469,70.08304490038762,52.424104800860434,,62.07842001793319,54.62035972318883
18942,Thesnake,WanZhen Esports Club,2021,Spring,69.7009822927071,75.68629240611747,63.48670250798573,,64.11657373450839,62.71942543935825
18943,Tianzhen,Invictus Gaming Young,2021,Spring,69.73854437114024,80.66513059559762,68.55232835221871,,60.02779824440214,71.13219808352284
18944,Till,EDG Youth Team,2021,Spring,62.52929186646705,72.36353258672085,61.13579129815422,,62.538541149658926,64.89228369118784
18945,Today,V5 87,2021,Spring,82.35406112134609,73.88615482967444,83.13418479124795,,65.99793690601251,82.44058540883069
18946,Typhoon,Kaisa Gaming,2021,Spring,58.75876491360481,67.44052308912998,54.80498242568537,,55.48337308600972,55.88267421879227
18947,Uneasy,LNG Academy,2021,Spring,79.66581020268563,76.94892187167562,67.81403454268023,,80.96997358721464,77.84730765428137
18948,Vergil,LNG Academy,2021,Spring,86.21446765069993,78.09939308210329,91.73077357202024,,66.11451787817818,91.24152221563196
18949,Wangxiao,Top Esports Challenger,2021,Spring,73.66969806747626,71.54962613978138,65.1930257688176,,68.6194658757564,73.7701021500838
18950,Wayward,Top Esports Challenger,2021,Spring,91.14589959082375,74.61823690743736,86.63546562269815,,78.27451906911779,98.62315398036691
18951,Windy,V5 87,2021,Spring,91.49606625224601,73.69001830803614,81.26658311313395,,75.15794239986147,89.17473475203944
18953,XJM,TWELVE,2021,Spring,92.76563539905831,73.38233913417488,83.89571743333948,,50.0,95.0125565421021
18954,XXX,WanZhen Esports Club,2021,Spring,69.88178826500365,70.31450905786015,77.61162300242442,,65.52452774396384,76.47508053628664
18955,Xhow,Joy Dream,2021,Spring,57.78807062735071,67.37524788117099,53.97654757684972,,50.0,63.032338589368344
18956,Xhow,Joy Dream,2021,Spring,64.56444368742713,75.19473710129685,61.52055911410791,,57.401195504112856,64.67952567906813
18957,Xhow,Joy Dream,2021,Spring,56.80763007045206,71.72125621706329,51.920932818068515,,50.0,60.12322510652196
18958,Xiaguang,EDG Youth Team,2021,Spring,93.61583809940683,92.73560559663184,82.75744494120879,,81.17223500393797,92.53201421703248
18959,Xiamu,EDG Youth Team,2021,Spring,86.90777886324216,86.04499732606985,91.49470077771022,,79.58318906574682,97.21218224753756
18960,Xiao17,Joy Dream,2021,Spring,85.64610039250815,81.08493926508567,82.48739997475816,,58.24882523873652,86.81160620003888
18961,XiaoYY,Kaisa Gaming,2021,Spring,68.14364142994478,69.19233815987069,68.26806334061784,,57.361438475487574,70.33625644435962
18962,Xiaochao,Oh My God Academy,2021,Spring,74.75503088282568,71.38562919861326,71.88531572583702,,60.243665804511366,83.15537280476309
18963,Xiaodandy,All Combo,2021,Spring,54.34842359650981,67.99602411195765,54.910223420041724,,50.0,55.74099974731157
18964,Xiaohao,All Combo,2021,Spring,91.87761169864383,80.35625456922564,75.87528246963672,,77.10136818374131,85.2752970338149
18965,Xiaolaohu,FunPlus Phoenix Blaze,2021,Spring,,,,,,
18966,Xiaoxiang,EDG Youth Team,2021,Spring,73.7763180766072,81.10198742807361,68.22952213409627,,94.56373365833414,73.87647732232944
18967,Xiaoxu,Royal Club,2021,Spring,88.48179635909113,78.91226564218445,81.26092037027945,,82.88974100249214,96.20032844530567
18968,Xing,Young Miracles,2021,Spring,87.3266853132649,88.39755949721686,80.34085973110078,,90.00566397563945,85.24706135311456
18969,XuanLv,TWELVE,2021,Spring,88.85240051856219,77.0668177380886,79.02714968922204,,69.5945031387064,87.59411768069697
18970,Xzz,Invictus Gaming Young,2021,Spring,79.09306271826418,78.53504171566524,72.9894641643131,,62.56428677673112,82.4157293617165
18971,YIFAN,MAX,2021,Spring,68.92085997571952,69.26241005306578,64.44305230803266,,56.25893524574548,67.75604625671333
18972,YIFAN,MAX,2021,Spring,85.70832791310923,68.33997937460857,53.772204878028084,,50.0,63.27934629028698
18973,YJJ,Young Miracles,2021,Spring,50.0,70.0,50.480909330845236,,50.0,50.0
18974,YTT,MAX,2021,Spring,64.21864516713953,69.5808991052043,54.104468799274834,,56.24390385132152,60.4491301673352
18975,Yanmo,Rare Atom Period,2021,Spring,56.00421753256534,71.13013549454402,53.68024072915639,,52.57093268312074,55.73658422616468
18976,Yanxiang,Shu Dai Xiong Gaming,2021,Spring,93.1475266587537,86.6592301608313,91.14354282768161,,68.9726634415147,93.41965378357256
18977,Yaoyang,MAX,2021,Spring,79.3423951473,65.92855744634636,70.32339407449669,,78.11372911945216,81.58387283121331
18978,Ycx,All Combo,2021,Spring,86.4128917282723,77.93305011581305,78.61778962499767,,66.00732154759828,87.73183764832353
18979,Ycx,All Combo,2021,Spring,72.41772895504779,68.108561511577,62.95868335445029,,50.0,76.62606941825898
18980,YeG,Joy Dream,2021,Spring,83.08305799420009,76.4085544402767,74.93030040949016,,77.16717871830954,86.885580733817
18981,Yge,Rare Atom Period,2021,Spring,92.45786167592348,77.61643420712238,84.29658453457704,,67.53770646609911,93.4803425132464
18982,Yge,Rare Atom Period,2021,Spring,78.98362001650557,79.76248628143394,75.05510703165409,,50.0,83.53682074238301
18983,Youdang,Invictus Gaming Young,2021,Spring,96.79018828106062,85.79013984519497,83.14886506382867,,65.8360959341845,91.22470748686973
18984,Youxin,FunPlus Phoenix Blaze,2021,Spring,91.13279908615783,84.40536174942875,92.25664234998195,,73.28220029967048,90.8179641389106
18985,Yuan,eStar Young,2021,Spring,65.73677452782493,71.8259846124504,60.22237920532274,,56.504510931868175,66.93261783875525
18986,Yuekai,Royal Club,2021,Spring,59.46369358659847,69.83171056916126,58.5155867977104,,66.59057254114072,59.625432584463894
18987,Yui,Joy Dream,2021,Spring,63.871706231198665,72.29729916749378,63.19109103408882,,50.0,64.66821441056703
18988,ZJJ,V5 87,2021,Spring,96.80166870766263,82.85860015686147,95.22114094362774,,68.04378967803473,100.0
18989,Zdz,Rare Atom Period,2021,Spring,84.38971645276285,80.45540945125614,76.30858824426751,,78.0730181346439,89.06238120147768
18990,Zika,Shu Dai Xiong Gaming,2021,Spring,83.28736356078058,84.87867072532825,83.04898289809344,,100.0,91.1380415270082
18991,Zinco,Invictus Gaming Young,2021,Spring,67.9520657639105,77.37638971137727,59.994671031846465,,60.18044243647056,68.37242330018985
18992,Zorah,Rare Atom Period,2021,Spring,90.21257234242321,71.30225863267422,86.3771936462387,,50.0,98.93026057702889
18993,bademan,TWELVE,2021,Spring,93.80787396673392,80.51808141024036,90.11630188669703,,70.57357094390044,97.18148120501144
18994,bat,ThunderTalk Gaming Young,2021,Spring,,,,,,
18995,boo,LGD Gaming Young Team,2021,Spring,74.86818146712301,65.97980449769706,65.96182881368547,,60.18505327500192,72.72615550909738
18996,boo,LGD Gaming Young Team,2021,Spring,67.56130838444274,63.491120780236145,69.61692089228507,,50.0,73.37311380909784
18997,can,Oh My God Academy,2021,Spring,90.1477012254013,77.25561712932912,86.24557691614784,,61.58386708435539,93.07893761045403
18998,cc,LGD Gaming Young Team,2021,Spring,64.50510557010317,69.88782874142186,57.26500267013779,,53.746447012783264,67.44753284669429
18999,ch1rry,Sheng Jie Gaming,2021,Spring,82.5431126183119,84.5486303183909,72.6405710279169,,76.0895116870586,81.87355255192581
19000,chel1y,Team Pinnacle,2021,Spring,73.12840491587254,78.91165461915065,66.56770322370166,,68.50161720498433,70.3223424754764
19001,clx,Bilibili Gaming Junior,2021,Spring,97.44940695247897,75.17132583398453,89.29373333028606,,79.32244666162013,96.9460797783455
19002,corbie,Kaisa Gaming,2021,Spring,66.69059785082452,69.7999346832807,58.29954539436942,,55.78212297628802,63.76191011240536
19004,fengyan,MAX,2021,Spring,57.339540260052566,67.56737665591878,54.413862879208615,,50.0,57.624801499653586
19005,forse,Suning-S,2021,Spring,90.58509242353905,75.96736663106604,85.12872267664639,,60.72050854859905,93.49650013025885
19006,fuyao,Sheng Jie Gaming,2021,Spring,55.09754896843447,70.3039394036133,55.67981596271415,,54.33427182215813,55.707623836649205
19007,haichao,LGD Gaming Young Team,2021,Spring,82.48955608744832,72.25740816713477,71.51851015872403,,73.18196160951132,85.91270870778872
19008,happygame,Kaisa Gaming,2021,Spring,53.06640704934476,69.11532575202348,55.29325584714538,,52.17388606765119,54.82049521702113
19010,iiann,eStar Young,2021,Spring,,,,,,
19011,jiang,FunPlus Phoenix Blaze,2021,Spring,,,,,,
19012,jkw,All Combo,2021,Spring,88.29986783233825,73.78738424078406,83.8547464529189,,66.97117525807386,98.76619026925188
19014,kun,Team Pinnacle,2021,Spring,90.61179694701477,79.93353652385005,89.25480022728333,,62.68524094551327,91.2123261574894
19015,l3est16,Bilibili Gaming Junior,2021,Spring,95.1191382147287,93.80864515638615,92.56575543569073,,98.79399398627868,97.45842834119975
19016,lcberg,Kaisa Gaming,2021,Spring,,,,,,
19017,leiyu,WanZhen Esports Club,2021,Spring,55.5536689568907,67.59101888448008,51.92701023862326,,50.0,58.05107156957172
19018,lffzzz,WanZhen Esports Club,2021,Spring,94.94416182862842,71.13812307619435,77.53965371459128,,62.879745457802144,96.70069185880266
19019,lilac,Sheng Jie Gaming,2021,Spring,72.89863221419992,73.5930853545321,71.50626381825225,,54.99107174345783,72.36139049145552
19020,lilac,Sheng Jie Gaming,2021,Spring,69.19721214151345,71.58353651657552,67.32253665916797,,50.0,71.55006999117376
19021,lovely,Royal Club,2021,Spring,58.998783946924746,71.98506166736729,55.3842405595188,,58.97340626673532,57.28093754848897
19022,maer,Rare Atom Period,2021,Spring,51.58405381357886,70.0542472280018,50.64645071690294,,51.56552606175176,52.3287974231965
19023,naiyou,Top Esports Challenger,2021,Spring,75.21658042392573,71.32785634753186,63.76037264947729,,60.719631426130555,69.93247721380592
19024,naiyou,Top Esports Challenger,2021,Spring,70.87562740929137,63.72746488569727,65.1439434156724,,50.0,70.96350531802153
19025,neny,Invictus Gaming Young,2021,Spring,84.42925503038572,84.98455486299565,82.1964313336858,,76.11898418216586,88.74707778250873
19026,poet,Top Esports Challenger,2021,Spring,61.77119744066754,66.6573172382503,59.97692717681235,,50.0,63.30590098649025
19027,pzx,LNG Academy,2021,Spring,98.16806591874041,87.1724359574934,85.0922318557682,,81.7459593657456,93.53433388413168
19028,ratel,eStar Young,2021,Spring,,,,,,
19029,redwall,Joy Dream,2021,Spring,69.82048686885103,68.51436503521761,63.44837216747359,,56.45335567698789,71.68770827191918
19030,shanji,Team Pinnacle,2021,Spring,81.84902035677655,78.13479415329878,71.82216405978924,,82.21429178026196,80.19579368769791
19031,skIIn,Shu Dai Xiong Gaming,2021,Spring,90.02301180152767,85.12324124517751,91.6284243395516,,50.0,97.31638737169814
19032,wind,LGD Gaming Young Team,2021,Spring,96.15131022205699,68.23961617676002,80.01144219159619,,74.95923943097057,88.12356311201913
19033,xiao7,Bilibili Gaming Junior,2021,Spring,65.07125423009442,76.84448719870898,60.829217990494755,,50.0,64.46739582481722
19034,xiao7,Bilibili Gaming Junior,2021,Spring,62.620615501811976,67.2834253462795,53.548589904359105,,53.975505806622074,63.956460903518625
19035,xiaocaobao,Young Miracles,2021,Spring,91.1249730604942,76.12432440794291,84.07125682395386,,68.00429971082565,88.17329521664288
19036,xiaohuangren,ThunderTalk Gaming Young,2021,Spring,,,,,,
19037,xiaotu,MAX,2021,Spring,74.66891650299908,63.438120135597245,65.20980254356178,,57.28844753164108,77.7231562434358
19038,xiaotu,MAX,2021,Spring,70.43584725108987,68.99453208058458,65.31740519169705,,62.363561211371355,76.77539526359193
19039,xiaoty,LGD Gaming Young Team,2021,Spring,84.04072668837435,74.94379619150558,79.79231973333017,,62.82794096425049,88.16439290577621
19040,xiaoyueji,Invictus Gaming Young,2021,Spring,86.09559094486792,82.58201238325148,73.67415116320339,,71.55952137363597,82.19971671975128
19041,xifeng,Rogue Warriors Shark,2021,Spring,50.0,70.67923492774916,53.14629722709906,,53.17814102169246,50.0
19042,xinye,eStar Young,2021,Spring,,,,,,
19043,xqw,Team WE Academy,2021,Spring,95.18869857026698,69.48120977554441,84.32899716279499,,80.14321309622514,97.40461377140815
19044,xzy,Invictus Gaming Young,2021,Spring,56.65341701564525,72.63953033106962,55.03540642638875,,51.85153995636381,58.34110359178517
19045,yaoyao,ThunderTalk Gaming Young,2021,Spring,,,,,,
19046,yekai,eStar Young,2021,Spring,,,,,,
19047,yekai,eStar Young,2021,Spring,,,,,,
19048,yyy,WanZhen Esports Club,2021,Spring,68.42253886550112,73.46457272730439,67.44114352654384,,57.682284752458436,67.14166762171455
19049,zzw,All Combo,2021,Spring,71.52598801621141,69.75761872967271,,,50.0,67.01525358609672
19050,zzw,All Combo,2021,Spring,66.37648966696321,69.1079045929506,67.8345717412438,,55.654913240074066,68.6475634226332
19051,zzx,Rare Atom Period,2021,Spring,59.458272689942945,70.80157137093907,62.90398317536918,,50.0,63.421008688798324
19052,zzx,Rare Atom Period,2021,Spring,57.93946299587576,73.20608909571727,54.85191795955724,,50.0,59.10011496069894
19063,Aliez,V5 87,2021,Summer,,,,,75.0,
19068,Asura,Kaisa Gaming,2021,Summer,,,,,75.0,
19069,Asura,Kaisa Gaming,2021,Summer,,,,,75.0,
19071,Beichuan,FunPlus Phoenix Blaze,2021,Summer,,,,,75.0,
19073,Ben4,Kaisa Gaming,2021,Summer,,,,,75.0,
19074,Ben4,Kaisa Gaming,2021,Summer,,,,,75.0,
19076,Brave,V5 87,2021,Summer,,,,,75.0,
19078,Care,FunPlus Phoenix Blaze,2021,Summer,,,,,75.0,
19090,Dream,V5 87,2021,Summer,,,,,75.0,
19102,Flying,Young Miracles,2021,Summer,,,,,75.0,
19108,Heng,Young Miracles,2021,Summer,,,,,75.0,
19117,Jerry,V5 87,2021,Summer,,,,,75.0,
19138,Marzss,Young Miracles,2021,Summer,,,,,75.0,
19156,Plume,Young Miracles,2021,Summer,,,,,75.0,
19162,Shaoye,Young Miracles,2021,Summer,,,,,75.0,
19166,Shenyi,FunPlus Phoenix Blaze,2021,Summer,,,,,75.0,
19181,Today,V5 87,2021,Summer,,,,,75.0,
19201,Xiaolaohu,FunPlus Phoenix Blaze,2021,Summer,,,,,75.0,
19235,jiang,FunPlus Phoenix Blaze,2021,Summer,,,,,75.0,
19236,jiang,FunPlus Phoenix Blaze,2021,Summer,,,,,75.0,
19239,lcberg,Kaisa Gaming,2021,Summer,,,,,75.0,
19255,tiga,Kaisa Gaming,2021,Summer,,,,,75.0,
19273,yyc,Kaisa Gaming,2021,Summer,,,,,75.0,
19274,yyc,Kaisa Gaming,2021,Summer,,,,,75.0,
19281,5K,TEAM ORANGE,2022,Spring,,,,,75.0,
19329,JKJK,TEAM ORANGE,2022,Spring,,,,,75.0,
19353,Mmy,ThunderTalk Gaming Young,2022,Spring,,,,,75.0,
19378,Sky,ThunderTalk Gaming Young,2022,Spring,,,,,75.0,
19391,Thesnake,TEAM ORANGE,2022,Spring,,,,,75.0,
19401,XXX,TEAM ORANGE,2022,Spring,,,,,75.0,
19418,Youxin,ThunderTalk Gaming Young,2022,Spring,,,,,75.0,
19421,bat,ThunderTalk Gaming Young,2022,Spring,,,,,75.0,
19461,xiao7,ThunderTalk Gaming Young,2022,Spring,,,,,75.0,
19476,yyy,TEAM ORANGE,2022,Spring,,,,,75.0,
26602,Mortsche,eXtatus,2019,Season 11,,71.25652936690766,50.0,70.0,50.0,58.692501516659924
26619,Shiage,eXtatus,2019,Season 11,,65.97465650275015,50.5602035678361,70.0,50.0,64.05528644259013
26622,Sirinox,eXtatus,2019,Season 11,,63.41185158971285,60.0,80.0,50.0,100.0
26623,Sufon,eXtatus,2019,Season 11,,70.76335562413712,60.0,80.0,50.0,100.0
